corpus;feature type;contrast;languages;n1;n2;mean1;mean2;std1;std2;es;se;w
ivc;apc;('a', 'a~');('fr', 'fr');168;168;0.001909624112210426;0.0018682655590998905;0.0012789007818334707;0.0013411704557277076;0.03149071873278286;0.10911570738106997;83.98958880420658
ivc;apc;('a:', 'a');('jp', 'jp');8;12;0.002540823985425988;0.0027050914680112827;0.0004942480171504435;0.0004482877676947133;-0.3334406938475981;0.4594702392333725;4.736801950469215
ivc;apc;('E', 'I');('nl', 'nl');8;8;0.0013366086066215407;0.0007267770785844648;0.0007040843429141327;0.0003483524866765415;1.0379903263868249;0.5326063249974314;3.5252292159342633
ivc;apc;('u:', 'y:');('de', 'de');168;168;0.0013762884488778201;0.001220819353201682;0.0009564459596314049;0.001001256707506653;0.1584296836960785;0.1092799754880677;83.73727467046295
