corpus;feature type;contrast;languages;n1;n2;mean1;mean2;std1;std2;es;se;w
ivc;apc;('a', 'a~');('fr', 'fr');168;168;0.0006886398138448294;0.0006665479180468285;0.00046010190332514806;0.0004997652061893519;0.045888553920419344;0.10912330399721779;83.97789534488608
ivc;apc;('a:', 'a');('jp', 'jp');8;12;0.0012570023236697242;0.0013601004350196986;0.0004079259043713093;0.00020430337402351027;-0.3060799886061798;0.4589939621813802;4.746637376398342
ivc;apc;('E', 'I');('nl', 'nl');8;8;0.0003804680086013347;0.0002549508777978707;0.00020090779330713947;0.00015280260789567746;0.6648842795336466;0.5136289731280674;3.7905390278458104
ivc;apc;('u:', 'y:');('de', 'de');168;168;0.0006486440901521393;0.0005866186442486215;0.00046952635824210114;0.0004696255061223952;0.13179138514732203;0.10922732526761622;83.81802092203499
