corpus;feature type;contrast;languages;n1;n2;mean1;mean2;std1;std2;es;se;w
ivc;apc;('a', 'a~');('fr', 'fr');168;168;0.13921968107056826;0.10975469747014725;0.023928640042217796;0.02803862530598852;1.1279121873807811;0.11746444435725172;72.47481953775424
ivc;apc;('a:', 'a');('jp', 'jp');8;12;0.12679081449866528;0.14969213669860457;0.004841847431921786;0.014636167551695226;-2.0120893472458246;0.5563685126477204;3.2305384415092377
ivc;apc;('E', 'I');('nl', 'nl');8;8;0.10806912842235558;0.08134146431046643;0.01819072331359692;0.002443945740253269;1.9470723144892412;0.6070186003598472;2.7139135039665945
ivc;apc;('u:', 'y:');('de', 'de');168;168;0.14776952409612618;0.09855437336676369;0.04022313381980764;0.026033685657146758;1.449384552545334;0.12260027225774894;66.52993984442261
