corpus;feature type;contrast;languages;n1;n2;mean1;mean2;std1;std2;es;se;w
ivc;apc;('a', 'a~');('fr', 'fr');168;168;0.12899784223210434;0.1037604098709116;0.024467566586091644;0.026143405666940428;0.9945245065336045;0.11565727666677983;74.75738064393187
ivc;apc;('a:', 'a');('jp', 'jp');8;12;0.12624932260841987;0.14308337922879188;0.005929362165947684;0.014166970745940559;-1.4846594052887763;0.5132627709820223;3.79594989649417
ivc;apc;('E', 'I');('nl', 'nl');8;8;0.09746696232626459;0.07370064128022386;0.014696691136674555;0.00190263448918648;2.14431625584971;0.6274475128721256;2.540067137073525
ivc;apc;('u:', 'y:');('de', 'de');168;168;0.14043653441457474;0.0954416758693995;0.03706795929729493;0.02490743749812475;1.4216516236789616;0.12211609754015255;67.05855112409793
