corpus;feature type;contrast;languages;n1;n2;mean1;mean2;std1;std2;es;se;w
ivc;apc;('a', 'a~');('fr', 'fr');168;168;0.12450288449291748;0.10066161039353175;0.04059594202389153;0.034484168111389414;0.6315726766223027;0.11179597199341385;80.01062954685929
ivc;apc;('a:', 'a');('jp', 'jp');8;12;0.13707565621678164;0.15667145144230793;0.0073015369414439635;0.040724290047875554;-0.6415115052738178;0.46757005744412283;4.574110126640854
ivc;apc;('E', 'I');('nl', 'nl');8;8;0.09797388318335797;0.06588611532030234;0.009769983056383694;0.013402870506756991;2.586771972711372;0.6775735485632972;2.178146632687182
ivc;apc;('u:', 'y:');('de', 'de');168;168;0.14239931281378881;0.07838056397747106;0.04046925049484815;0.025218213341579983;1.8944222660259515;0.13132132824868306;57.986843210092744
