"","contrast","language","d","n1","n2","g","se_d","se_g","w_d","w_g","t","p_value","corpus"
"1","('a', 'a:')","('de', 'de')",0.0825194665786526,25704,25704,0.0825182626355153,0.00882093569251955,0.00882093569251103,12851.9991488173,12851.9991488421,9.35495645674499,8.68779828821914e-21,"natural"
"2","('E', 'I')","('de', 'de')",0.201946582172804,25866,25866,0.20194365426504,0.00879327077548307,0.00879327077543282,12932.9949021993,12932.9949023471,22.9660415481024,3.89470910364529e-116,"natural"
"3","('i', 'I')","('de', 'de')",0.329567880505021,25866,25866,0.32956310228919,0.00879327365798223,0.00879327365784839,12932.9864231408,12932.9864235345,37.4795629376968,2.40647532330988e-303,"natural"
"4","('a:', 'a')","('jp', 'jp')",-1.05075012560174,8,12,-1.00635223297069,0.46269182861033,0.462177504775881,4.67106962362211,4.68147159761244,-2.38814231107032,0.028142403406627,"synthetic"
"5","('a', 'a~')","('fr', 'fr')",0.863052247390124,168,168,0.861112804137562,0.109169397715823,0.109169126398836,83.9069956902517,83.9074127572793,7.910004504734,3.89948816121358e-14,"synthetic"
"6","('E', 'I')","('nl', 'nl')",1.97722599398748,8,8,1.86937730340635,0.529662500378335,0.526594094026138,3.5645240335452,3.60618524415819,3.95445198797496,0.00475375358251476,"synthetic"
"7","('u:', 'y:')","('de', 'de')",1.48941265874699,168,168,1.48606566400823,0.109288887389421,0.109288080230846,83.7236186085766,83.7248553122693,13.650692499467,1.23957072259876e-33,"synthetic"
