"","contrast","language","d","n1","n2","g","se_d","se_g","w_d","w_g","t","p_value","corpus"
"1","('A', '{')","('en', 'en')",1.15883678847019,18227,18225,1.15881294392829,0.0104754651256948,0.0104754651217245,9112.83211282138,9112.83211972904,110.624539415687,0,"natural"
"2","('A', 'E')","('en', 'en')",1.00197089917363,18363,18360,1.00195043449972,0.0104367165579559,0.0104367165550422,9180.62444723635,9180.62445236241,96.0047700648283,0,"natural"
"3","('A', 'i')","('en', 'en')",4.08534677684451,18768,18771,4.08526514990337,0.0103237365784212,0.0103237365325768,9382.66414646777,9382.66422979848,395.76954747059,0,"natural"
"4","('e', 'E')","('en', 'en')",0.806631712270123,18768,18771,0.806615595430381,0.0103226340009953,0.0103226339992079,9384.6686089278,9384.6686121778,78.1425879684131,0,"natural"
"5","('i', 'I')","('en', 'en')",0.854041033225487,19182,19182,0.854024336104659,0.0102110433211324,0.0102110433192347,9590.90882760589,9590.90883117079,83.6393564954773,0,"natural"
"6","('A', '{')","('en', 'en')",0.433915969466831,24,24,0.426802592918194,0.288958082595058,0.28894888601073,11.9765106855989,11.977273067796,1.50312901066411,0.14003207144203,"synthetic"
"7","('A', 'E')","('en', 'en')",0.93397794310616,24,24,0.918666829284748,0.289983708232224,0.289941248753082,11.8919425266103,11.8954257333559,3.23539450121709,0.00227012017198545,"synthetic"
"8","('A', 'i')","('en', 'en')",4.01813592749324,24,24,3.95226484671467,0.312007134016067,0.311275932401646,10.2723770411757,10.3206943053607,13.9192311562724,4.22795339855987e-18,"synthetic"
"9","('i', 'I')","('en', 'en')",0.61042361451706,24,24,0.60041667001678,0.289234827745325,0.289216644602809,11.9536029630655,11.9551060639615,2.11456942896677,0.040176450040079,"synthetic"
