"","contrast","language","d","n1","n2","g","se_d","se_g","w_d","w_g","t","p_value","corpus"
"1","('a', 'a:')","('de', 'de')",0.0809152263627298,25704,25704,0.0809140458251484,0.00882093568127253,0.00882093568126433,12851.9991815908,12851.9991816147,9.17308909879482,4.76130402956879e-20,"natural"
"2","('E', 'I')","('de', 'de')",0.212229852291555,25866,25866,0.212226775292551,0.00879327095647018,0.00879327095641468,12932.9943698137,12932.9943699769,24.1354894598056,5.43327366647197e-128,"natural"
"3","('i', 'I')","('de', 'de')",0.3362893968487,25866,25866,0.336284521181455,0.00879327384816855,0.0087932738480292,12932.9858636956,12932.9858641056,38.2439562834731,1.38613161373271e-315,"natural"
"4","('a:', 'a')","('jp', 'jp')",-1.11947565335827,8,12,-1.0721738651882,0.463530528359412,0.462947738215354,4.65418149885407,4.66590687589372,-2.55646381463897,0.0198304297785062,"synthetic"
"5","('a', 'a~')","('fr', 'fr')",0.964992472107622,168,168,0.962823949698392,0.109184516708659,0.109184177559571,83.8837597686574,83.8842808907731,8.84430209699148,5.4771665835766e-17,"synthetic"
"6","('E', 'I')","('nl', 'nl')",1.88469222183137,8,8,1.7818908279133,0.527020403802059,0.524219173230839,3.60035347663678,3.6389341585085,3.76938444366274,0.00588504350652931,"synthetic"
"7","('u:', 'y:')","('de', 'de')",1.40586207461154,168,168,1.40270283399444,0.109269279824047,0.109268560554019,83.7536684746657,83.7547711102531,12.8849387471501,1.0764220226915e-30,"synthetic"
