"","contrast","language","d","n1","n2","g","se_d","se_g","w_d","w_g","t","p_value","corpus"
"1","('a', 'a:')","('de', 'de')",0.106037535879417,25704,25704,0.106035988812174,0.00882093588274484,0.00882093588273077,12851.9985945053,12851.9985945463,12.0211214645575,3.05006375199707e-33,"natural"
"2","('E', 'I')","('de', 'de')",0.335056679217684,25866,25866,0.335051821422906,0.0087932738130011,0.00879327381286277,12932.9859671429,12932.9859675498,38.1037675066869,2.51606538543218e-313,"natural"
"3","('i', 'I')","('de', 'de')",0.38906709454439,25866,25866,0.389061453683553,0.00879327547496332,0.0087932754747768,12932.9810783772,12932.9810789258,44.246012792928,0,"natural"
"4","('a:', 'a')","('jp', 'jp')",-1.60229011114553,8,12,-1.53458771208304,0.470855458183752,0.469679408868412,4.51050098187876,4.5331173140289,-3.56972327535839,0.00239310170931257,"synthetic"
"5","('a', 'a~')","('fr', 'fr')",0.760551761682925,168,168,0.758842656600492,0.10915589399564,0.109155683271657,83.9277573117297,83.9280813554774,6.97057203568804,1.86309472445147e-11,"synthetic"
"6","('E', 'I')","('nl', 'nl')",2.76754106433995,8,8,2.61658427901232,0.556631074121978,0.550897799116747,3.2274914866235,3.29501901617694,5.53508212867991,8.17659511407983e-05,"synthetic"
"7","('u:', 'y:')","('de', 'de')",1.73548802056789,168,168,1.73158804748796,0.109353186087539,0.109352090827712,83.6251900725848,83.626865244394,15.9060104438829,6.79009814648654e-42,"synthetic"
