"","contrast","language","d","n1","n2","g","se_d","se_g","w_d","w_g","t","p_value","corpus"
"1","('A', '{')","('en', 'en')",0.292327326150369,18227,18225,0.292321311143555,0.0104753747866124,0.0104753747863597,9112.98929067101,9112.98929111059,27.9061009428495,1.40867676115496e-169,"natural"
"2","('A', 'E')","('en', 'en')",0.290723613181826,18363,18360,0.29071767532081,0.0104366512332151,0.0104366512329698,9180.73937371532,9180.73937414688,27.8559658030981,5.34142550459496e-169,"natural"
"3","('A', 'i')","('en', 'en')",1.44951225395249,18768,18771,1.44948329209004,0.0103227337110759,0.0103227337053041,9384.48731169197,9384.48732218642,140.422166383028,0,"natural"
"4","('e', 'E')","('en', 'en')",0.268681946620497,18768,18771,0.268676578242575,0.0103225942340899,0.0103225942338916,9384.74091632251,9384.74091668311,26.0285604510664,4.87268757332291e-148,"natural"
"5","('i', 'I')","('en', 'en')",0.436621836139011,19182,19182,0.436613299865846,0.0102110074728697,0.0102110074723737,9590.97617023073,9590.9761711625,42.7599705234523,0,"natural"
"6","('A', '{')","('en', 'en')",7.57855174100461,24,24,7.45431318787339,0.364951536084145,0.362723572223077,7.50809238958569,7.60060985141219,26.2528733264191,6.3000274107125e-28,"synthetic"
"7","('A', 'E')","('en', 'en')",6.97532248169019,24,24,6.86097293281002,0.354356718276687,0.35241349113898,7.96376906912336,8.05183651657082,24.1632258749297,6.93495182138432e-26,"synthetic"
"8","('A', 'i')","('en', 'en')",7.72457968576164,24,24,7.5979472318967,0.367599584156855,0.365301438192334,7.40031109712726,7.49371610246935,26.7587289657072,1.67804473058582e-29,"synthetic"
"9","('i', 'I')","('en', 'en')",7.64448168140962,24,24,7.51916230958323,0.366143210845762,0.363883616445677,7.45929921875927,7.55222630797145,26.481261339462,6.16221145086308e-27,"synthetic"
