"","contrast","language","d","n1","n2","g","se_d","se_g","w_d","w_g","t","p_value","corpus"
"1","('a', 'a:')","('de', 'de')",0.0173827153341837,25704,25704,0.0173824617237121,0.00882093541337767,0.00882093541337729,12851.9999622302,12851.9999622313,1.97062040986763,0.0487726677209628,"natural"
"2","('E', 'I')","('de', 'de')",0.0677553944875558,25866,25866,0.0677544121409204,0.00879326923754383,0.00879326923753817,12932.9994261508,12932.9994261675,7.70537034183504,1.32779913075231e-14,"natural"
"3","('i', 'I')","('de', 'de')",0.0767007373442454,25866,25866,0.0766996253042103,0.00879326929245542,0.00879326929244817,12932.9992646247,12932.999264646,8.72266468521225,2.79636031152244e-18,"natural"
"4","('a:', 'a')","('jp', 'jp')",-0.232143290464755,8,12,-0.222334419036667,0.456742830331134,0.456717412367686,4.79354183996108,4.79407541042915,-0.503427629934572,0.622479719876246,"synthetic"
"5","('a', 'a~')","('fr', 'fr')",0.307213159958616,168,168,0.306522793307024,0.109116606823789,0.109116572429049,83.988204165975,83.988257113989,2.81565511999387,0.00515686945632431,"synthetic"
"6","('E', 'I')","('nl', 'nl')",0.204452428463753,8,8,0.193300477820275,0.500326462137354,0.500291829481847,3.99478171707371,3.99533481300495,0.408904856927505,0.689528511078974,"synthetic"
"7","('u:', 'y:')","('de', 'de')",0.259610760586886,168,168,0.259027365619275,0.109114416481617,0.109114391919461,83.9915761264896,83.9916139402804,2.37937192322893,0.017903400509071,"synthetic"
