"","contrast","language","d","n1","n2","g","se_d","se_g","w_d","w_g","t","p_value","corpus"
"1","('a', 'a:')","('de', 'de')",0.046106848225282,25704,25704,0.0461061755352392,0.00882093549160765,0.00882093549160499,12851.9997342698,12851.9997342776,5.22697946785863,1.72973503345458e-07,"natural"
"2","('a:', 'a')","('jp', 'jp')",-0.576974326096813,8,12,-0.552595129219483,0.458330867642846,0.458174374197234,4.76038179711548,4.76363425215037,-1.40458771407625,0.185851496724291,"synthetic"
"3","('a', 'a~')","('fr', 'fr')",0.573288919795725,168,168,0.572000630088319,0.1091356232301,0.109135503477767,83.9589375595271,83.9591218127519,5.25427974008675,2.69678853056003e-07,"synthetic"
"4","('u:', 'y:')","('de', 'de')",2.09224752344327,168,168,2.0875458436153,0.109463743533199,0.109462153295052,83.4563539223153,83.4587788050294,19.1757652975253,7.93015425432285e-52,"synthetic"
