"","contrast","language","d","n1","n2","g","se_d","se_g","w_d","w_g","t","p_value","corpus"
"1","('a', 'a:')","('de', 'de')",0.0748094769837924,25704,25704,0.0748083855279195,0.00882093564048565,0.00882093564047865,12851.9993004428,12851.9993004632,8.48090067412396,2.2931242137895e-17,"natural"
"2","('E', 'I')","('de', 'de')",0.196627253346254,25866,25866,0.196624402560391,0.00879327068538891,0.00879327068534127,12932.9951672172,12932.9951673573,22.3611096620355,3.14246722778377e-110,"natural"
"3","('i', 'I')","('de', 'de')",0.353306434405692,25866,25866,0.353301312018172,0.00879327434683418,0.00879327434668037,12932.9843968392,12932.9843972917,40.1791907764496,0,"natural"
"4","('a:', 'a')","('jp', 'jp')",-0.520469126356594,8,12,-0.498477473130259,0.457978393501279,0.457850957094768,4.76771208691613,4.7703665081505,-1.20486946987199,0.244159213975681,"synthetic"
"5","('a', 'a~')","('fr', 'fr')",0.932421803689549,168,168,0.930326473793618,0.109179502998827,0.109179186342957,83.8914641174815,83.8919507443542,8.54578699006923,4.74163725869293e-16,"synthetic"
"6","('E', 'I')","('nl', 'nl')",1.55668850281663,8,8,1.47177822084482,0.518586413173481,0.516645816264582,3.71841391540558,3.74640018525652,3.11337700563327,0.00877031268261527,"synthetic"
"7","('u:', 'y:')","('de', 'de')",2.0023103996043,168,168,1.99781082567261,0.109433940786774,0.109432483930052,83.5018163668903,83.5040396736801,18.351477941968,3.7631628868047e-48,"synthetic"
