"","contrast","language","d","n1","n2","g","se_d","se_g","w_d","w_g","t","p_value","corpus"
"1","('A', '{')","('en', 'en')",0.284065800526747,18227,18225,0.284059955511338,0.0104753744445016,0.010475374444263,9112.98988590548,9112.98988632057,27.1174343842962,2.47406270166457e-160,"natural"
"2","('A', 'E')","('en', 'en')",0.249722188949861,18363,18360,0.249717088519131,0.0104366496588203,0.0104366496586393,9180.74214359071,9180.74214390913,23.9273798073592,1.46989067858688e-125,"natural"
"3","('A', 'i')","('en', 'en')",1.410469613067,18768,18771,1.41044143129288,0.0103227260349426,0.0103227260294775,9384.50126858707,9384.50127852383,136.639838974112,0,"natural"
"4","('e', 'E')","('en', 'en')",0.27768303222884,18768,18771,0.277677484005454,0.010322594572173,0.0103225945719612,9384.740301589,9384.74030197416,26.9005702670692,6.88109044609215e-158,"natural"
"5","('i', 'I')","('en', 'en')",0.49537958459113,19182,19182,0.495369899561421,0.0102110111167599,0.0102110111161215,9590.96932498151,9590.96932618093,48.514331354451,0,"natural"
"6","('A', '{')","('en', 'en')",5.83903459554865,24,24,5.7433127169331,0.336049254677728,0.334614258850569,8.85511339506189,8.93122669613425,20.2270091732853,1.10297208365291e-23,"synthetic"
"7","('A', 'E')","('en', 'en')",4.71401052942631,24,24,4.63673166828818,0.320348517990593,0.319367974704895,9.74438785094748,9.80431534961954,16.3298114887621,7.12336370453647e-20,"synthetic"
"8","('A', 'i')","('en', 'en')",5.14370711534242,24,24,5.05938404787779,0.326036971329908,0.324889627283786,9.40732828299959,9.47388935264769,17.8183241260533,1.94493475967883e-20,"synthetic"
"9","('i', 'I')","('en', 'en')",8.29934978974571,24,24,8.16329487515972,0.378317738909235,0.375739298124665,6.98693317024052,7.08315524321771,28.7497910112513,1.03336670008561e-30,"synthetic"
