"","contrast","language","d","n1","n2","g","se_d","se_g","w_d","w_g","t","p_value","corpus"
"1","('a', 'a:')","('de', 'de')",0.114317269787881,25704,25704,0.114315601920914,0.00882093596100898,0.00882093596099262,12851.9983664454,12851.9983664931,12.9597672580721,2.37670841321809e-38,"natural"
"2","('E', 'I')","('de', 'de')",0.267239953242707,25866,25866,0.267236078683774,0.00879327207728711,0.00879327207719911,12932.9910728571,12932.9910731159,30.3914223427321,4.23414114154698e-201,"natural"
"3","('i', 'I')","('de', 'de')",0.431072797234924,25866,25866,0.431066547357476,0.00879327693891566,0.00879327693868669,12932.9767720722,12932.9767727457,49.0230419600893,0,"natural"
"4","('a:', 'a')","('jp', 'jp')",-0.558401039158494,8,12,-0.534806629053205,0.458211035125859,0.458064418063929,4.76287201704216,4.76592150105642,-1.29360768401095,0.212509418935323,"synthetic"
"5","('a', 'a~')","('fr', 'fr')",0.926705845887084,168,168,0.924623360840147,0.109178640853912,0.109178328066024,83.8927890448514,83.8932697388936,8.49339937147129,7.07390465938694e-16,"synthetic"
"6","('E', 'I')","('nl', 'nl')",1.51272996760215,8,8,1.43021742391476,0.517569077174741,0.515733108967145,3.73304614256261,3.75967213698188,3.0254599352043,0.0115315483336615,"synthetic"
"7","('u:', 'y:')","('de', 'de')",1.89969115158143,168,168,1.89542218270147,0.109401525490322,0.109400213748365,83.5513063007472,83.5533099240909,17.4109569983194,9.36115210766029e-44,"synthetic"
