"","contrast","language","d","n1","n2","g","se_d","se_g","w_d","w_g","t","p_value","corpus"
"1","('a', 'a:')","('de', 'de')",0.0297386279742653,25704,25704,0.029738194093406,0.0088209354383533,0.00882093543835219,12851.9998894518,12851.999889455,3.37136897894781,0.000748506725821443,"natural"
"2","('E', 'I')","('de', 'de')",0.0712791860032773,25866,25866,0.0712781525672081,0.00879326925836303,0.00879326925835677,12932.9993649097,12932.9993649282,8.10610771251092,5.34020350668985e-16,"natural"
"3","('i', 'I')","('de', 'de')",0.0894754721001087,25866,25866,0.0894741748465153,0.00879326938266483,0.00879326938265496,12932.9989992676,12932.9989992966,10.1754502981824,2.69037197932776e-24,"natural"
"4","('a:', 'a')","('jp', 'jp')",-0.0890572935592816,8,12,-0.0852943093243824,0.456480713365491,0.45647697048064,4.79904844449013,4.79912714444883,-0.193877191401712,0.848970369255199,"synthetic"
"5","('a', 'a~')","('fr', 'fr')",0.218776324288618,168,168,0.218284692099205,0.109112830681382,0.109112813238107,83.9940175410909,83.9940443964319,2.0051181326336,0.0457572983655164,"synthetic"
"6","('E', 'I')","('nl', 'nl')",0.45365320937993,8,8,0.428908488868298,0.501605245331026,0.501435147319541,3.97443923436241,3.97713612898101,0.90730641875986,0.381702631387768,"synthetic"
"7","('u:', 'y:')","('de', 'de')",0.243838642355642,168,168,0.243290690350348,0.109113771887336,0.109113750218842,83.992568497087,83.9926018566337,2.23481807189999,0.0260908875681911,"synthetic"
