"","contrast","language","d","n1","n2","g","se_d","se_g","w_d","w_g","t","p_value","corpus"
"1","('A', '{')","('en', 'en')",0.447994988387449,18227,18225,0.447985770320349,0.0104753830661632,0.0104753830655699,9112.9748851971,9112.97488622949,42.7664166602949,0,"natural"
"2","('A', 'E')","('en', 'en')",0.44438145178234,18363,18360,0.444372375549179,0.0104366592586115,0.0104366592580384,9180.7252544377,9180.72525544601,42.5788475921634,0,"natural"
"3","('A', 'i')","('en', 'en')",2.06738771076667,18768,18771,2.06734640349358,0.0103228830928791,0.010322883081138,9384.21570898549,9384.21573033239,200.279297166812,0,"natural"
"4","('e', 'E')","('en', 'en')",0.391348230338885,18768,18771,0.391340411037194,0.01032259979998,0.0103225997995593,9384.73079592184,9384.73079668684,37.9119286586613,1.18644298943513e-308,"natural"
"5","('i', 'I')","('en', 'en')",0.519487380079586,19182,19182,0.519477223725013,0.0102110127447437,0.0102110127440416,9590.96626672639,9590.96626804539,50.8752957844196,0,"natural"
"6","('A', '{')","('en', 'en')",5.50166578920558,24,24,5.41147454675959,0.331070871975976,0.329777988201052,9.12342811798001,9.19510454640519,19.0583293463352,1.86298386223105e-23,"synthetic"
"7","('A', 'E')","('en', 'en')",4.49958189895542,24,24,4.42581826126763,0.317660498127586,0.31675967285745,9.90999818230516,9.96644394512233,15.5870089236161,2.86142796010137e-19,"synthetic"
"8","('A', 'i')","('en', 'en')",7.01700058937129,24,24,6.90196779282422,0.355070289978937,0.353107680761595,7.93179224518589,8.02020873084929,24.3076030750636,6.98316968409484e-28,"synthetic"
"9","('i', 'I')","('en', 'en')",7.18385775079892,24,24,7.06608959094976,0.357954999140218,0.355914342490422,7.8044649734813,7.89421628977238,24.8856132374624,8.69923577547013e-23,"synthetic"
