"","contrast","language","d","n1","n2","g","se_d","se_g","w_d","w_g","t","p_value","corpus"
"1","('a', 'a:')","('de', 'de')",0.0427584658820955,25704,25704,0.0427578420443067,0.00882093547884352,0.00882093547884123,12851.9997714642,12851.9997714709,4.84738453929486,1.25464258887659e-06,"natural"
"2","('E', 'I')","('de', 'de')",0.0904674024329486,25866,25866,0.0904660907979257,0.00879326939024968,0.00879326939023959,12932.9989769562,12932.9989769859,10.2882559371376,8.41154102598619e-25,"natural"
"3","('i', 'I')","('de', 'de')",0.0927863102246936,25866,25866,0.0927849649691555,0.00879326940830758,0.00879326940829697,12932.9989238377,12932.9989238689,10.5519698961382,5.28665656506736e-26,"natural"
"4","('a:', 'a')","('jp', 'jp')",-0.25544710326585,8,12,-0.244653563691237,0.456807611437831,0.456776838327461,4.79218236643654,4.79282808798828,-0.553670339173073,0.588562269233071,"synthetic"
"5","('a', 'a~')","('fr', 'fr')",0.256759988026544,168,168,0.256182999289406,0.10911429698276,0.109114272957048,83.9917600969336,83.991797084983,2.35324416113518,0.0191906526315871,"synthetic"
"6","('E', 'I')","('nl', 'nl')",1.83758070837866,8,8,1.73734903337619,0.525719022950692,0.523049812874671,3.61820038761815,3.6552231690483,3.67516141675732,0.00250580599891598,"synthetic"
"7","('u:', 'y:')","('de', 'de')",0.347530095546314,168,168,0.346749129039468,0.109118749639771,0.109118705625984,83.9849055669774,83.9849733187787,3.18516593823244,0.00158307095388463,"synthetic"
