"","contrast","language","d","n1","n2","g","se_d","se_g","w_d","w_g","t","p_value","corpus"
"1","('A', '{')","('en', 'en')",0.193289600933952,18227,18225,0.193285623754391,0.0104753713313403,0.0104753713312298,9112.99530246034,9112.99530265253,18.4518368444349,1.11704681846419e-75,"natural"
"2","('A', 'E')","('en', 'en')",0.12472278246437,18363,18360,0.124720235073947,0.0104366463333075,0.0104366463332624,9180.74799425936,9180.74799433879,11.950471576826,7.42922490498848e-33,"natural"
"3","('A', 'i')","('en', 'en')",0.812003803376077,18768,18771,0.811987579199703,0.0103226345987686,0.0103226345969573,9384.66752201459,9384.66752530802,78.6627039561913,0,"natural"
"4","('e', 'E')","('en', 'en')",0.159516651134752,18768,18771,0.159513463925194,0.0103225910206095,0.0103225910205396,9384.74675936818,9384.74675949529,15.4531653309094,1.05175939228187e-53,"natural"
"5","('i', 'I')","('en', 'en')",0.206650712832261,19182,19182,0.206646672661137,0.0102109976293101,0.010210997629199,9590.99466193833,9590.99466214706,20.2380587913257,1.34976795124551e-90,"natural"
"6","('A', '{')","('en', 'en')",0.0991708083984445,24,24,0.0975450574410929,0.288689921072511,0.288689440255669,11.9987707697753,11.9988107380948,0.343537757547568,0.732759918235246,"synthetic"
"7","('A', 'E')","('en', 'en')",0.101008876561034,24,24,0.0993529933387224,0.288690474253316,0.28868997544897,11.9987247863855,11.9987662496974,0.349905012438329,0.728010136762459,"synthetic"
"8","('A', 'i')","('en', 'en')",1.82182164907783,24,24,1.79195572040442,0.293622954383999,0.293463372726221,11.5989851310471,11.6116033227465,6.31097531706343,1.06322661750704e-07,"synthetic"
"9","('i', 'I')","('en', 'en')",0.580738388313327,24,24,0.571218086865568,0.289181761547147,0.289165300943524,11.9579904490663,11.959351894182,2.01173678892869,0.0519904233495355,"synthetic"
