"","contrast","language","d","n1","n2","g","se_d","se_g","w_d","w_g","t","p_value","corpus"
"1","('a', 'a:')","('de', 'de')",0.0858654153996064,25704,25704,0.0858641626397197,0.00882093571668786,0.00882093571667864,12851.9990783914,12851.9990784183,9.7342755050169,2.25153121835592e-22,"natural"
"2","('a:', 'a')","('jp', 'jp')",-1.09847702284452,8,12,-1.0520625007525,0.463268796669145,0.46270736064071,4.65944190450097,4.67075603458601,-2.47581490706073,0.0236928161697472,"synthetic"
"3","('a', 'a~')","('fr', 'fr')",0.747384796956112,168,168,0.745705280558457,0.109154282807701,0.109154079313833,83.9302349861701,83.9305479255344,6.84989481062116,3.6177753275256e-11,"synthetic"
"4","('u:', 'y:')","('de', 'de')",1.51179982861078,168,168,1.50840252562514,0.109294332799118,0.109293501234933,83.7152760342538,83.7165499414745,13.8558743004603,1.78516297050142e-34,"synthetic"
