"","contrast","language","d","n1","n2","g","se_d","se_g","w_d","w_g","t","p_value","corpus"
"1","('a', 'a:')","('de', 'de')",0.0818984459870251,25704,25704,0.0818972511044587,0.0088209356881395,0.00882093568813111,12851.9991615806,12851.9991616051,9.28455342538414,1.68501057403563e-20,"natural"
"2","('E', 'I')","('de', 'de')",0.248634105484299,25866,25866,0.248630500680891,0.0087932716694149,0.00879327166933873,12932.9922726398,12932.9922728639,28.2755030334783,1.48664295446014e-174,"natural"
"3","('i', 'I')","('de', 'de')",0.371342001480794,25866,25866,0.371336617605923,0.0087932749022113,0.00879327490204139,12932.9827631627,12932.9827636625,42.2302558567981,0,"natural"
"4","('a:', 'a')","('jp', 'jp')",-1.27522454084278,8,12,-1.22134181376492,0.465621211559351,0.464868237526162,4.6124799028874,4.62743420644034,-2.96794058909308,0.00849883442804482,"synthetic"
"5","('a', 'a~')","('fr', 'fr')",1.08437631191036,168,168,1.08193951120944,0.109204363329816,0.109203935152074,83.8532727465134,83.8539303084479,9.93847306229258,1.63314722362799e-20,"synthetic"
"6","('E', 'I')","('nl', 'nl')",1.5048868219318,8,8,1.42280208619006,0.517390419760129,0.515572844153614,3.73562466545426,3.76200987377499,3.00977364386359,0.0191928102628933,"synthetic"
"7","('u:', 'y:')","('de', 'de')",1.41401684270264,168,168,1.41083927676398,0.10927114389198,0.109270416265819,83.7508109737649,83.7519263622865,12.9596784312546,8.24222629521596e-31,"synthetic"
