"","contrast","language","d","n1","n2","g","se_d","se_g","w_d","w_g","t","p_value","corpus"
"1","('A', '{')","('en', 'en')",0.78601415908817,18227,18225,0.785997985846397,0.0104754130333831,0.0104754130315566,9112.92274593906,9112.92274911707,75.0342976097077,0,"natural"
"2","('A', 'E')","('en', 'en')",0.746322973714876,18363,18360,0.746307730501426,0.0104366848025858,0.0104366848009693,9180.68031451134,9180.68031735535,71.5096330652184,0,"natural"
"3","('A', 'i')","('en', 'en')",2.99718849300214,18768,18771,2.99712860791966,0.0103232068056275,0.0103232067809513,9383.62718205052,9383.62722691106,290.35392255223,0,"natural"
"4","('e', 'E')","('en', 'en')",0.78914953672677,18768,18771,0.789133769188223,0.0103226320831527,0.010322632081442,9384.67209608462,9384.67209919527,76.4492009735505,0,"natural"
"5","('i', 'I')","('en', 'en')",0.765299203062752,19182,19182,0.765284240908985,0.0102110337591309,0.0102110337576071,9590.92679020005,9590.92679306261,74.9485450703986,0,"natural"
"6","('A', '{')","('en', 'en')",1.4584833032847,24,24,1.43457374093577,0.291855851658888,0.291752966128795,11.7398673412358,11.748148836808,5.05233436655998,7.380227258185e-06,"synthetic"
"7","('A', 'E')","('en', 'en')",1.7613619258083,24,24,1.73248714013931,0.293302549038187,0.293153223130076,11.6243405652198,11.6361859564176,6.10153669203468,5.10679850544998e-07,"synthetic"
"8","('A', 'i')","('en', 'en')",4.81041215090591,24,24,4.73155293531729,0.321590104583393,0.32057293704943,9.66929134548092,9.73074938901149,16.6637565014314,2.33719191739405e-19,"synthetic"
"9","('i', 'I')","('en', 'en')",1.02349737396894,24,24,1.00671872849404,0.290245865116915,0.290194921618637,11.8704700644262,11.8746381342688,3.54549890625506,0.000921433846909861,"synthetic"
