"","contrast","language","d","n1","n2","g","se_d","se_g","w_d","w_g","t","p_value","corpus"
"1","('A', '{')","('en', 'en')",1.07945684070812,18227,18225,1.07943462950968,0.0104754523609513,0.0104754523575063,9112.85432151118,9112.85432750493,103.047560466862,0,"natural"
"2","('A', 'E')","('en', 'en')",1.04779109807875,18363,18360,1.04776969755388,0.0104367232309398,0.0104367232277535,9180.61270750958,9180.61271311518,100.395986730832,0,"natural"
"3","('A', 'i')","('en', 'en')",3.70056803158199,18768,18771,3.70049409268148,0.0103235306469402,0.0103235306093241,9383.03847677409,9383.03854515245,358.486868296894,0,"natural"
"4","('e', 'E')","('en', 'en')",0.902626551013654,18768,18771,0.902608516156793,0.0103226452807436,0.0103226452785055,9384.64809933182,9384.64810340138,87.4411538942734,0,"natural"
"5","('i', 'I')","('en', 'en')",0.764645313329845,19182,19182,0.764630363960095,0.0102110336925633,0.0102110336910421,9590.92691525002,9590.92691810769,74.8845072614975,0,"natural"
"6","('A', '{')","('en', 'en')",0.348493805803254,24,24,0.342780792593365,0.288857675830174,0.288851741743294,11.9848381893579,11.9853306205349,1.20721795554856,0.234151399793736,"synthetic"
"7","('A', 'E')","('en', 'en')",0.475049144930135,24,24,0.467261454029641,0.289014236496501,0.289003215792166,11.9718571953448,11.9727702704036,1.64561851022229,0.106751245271879,"synthetic"
"8","('A', 'i')","('en', 'en')",2.15076605769374,24,24,2.11550759773155,0.295548270279224,0.295327284897473,11.4483567973747,11.4654961960129,7.45047217424036,1.29587670308082e-08,"synthetic"
"9","('i', 'I')","('en', 'en')",0.188814938069731,24,24,0.185719611216128,0.288728731601336,0.288726988882866,11.9955452692282,11.9956900767606,0.654074131929489,0.516436829837998,"synthetic"
