"","contrast","language","d","n1","n2","g","se_d","se_g","w_d","w_g","t","p_value","corpus"
"1","('a', 'a:')","('de', 'de')",0.0865868106753208,25704,25704,0.0865855473904158,0.00882093572202448,0.0088209357220151,12851.9990628406,12851.9990628679,9.8160576792385,1.00559316400289e-22,"natural"
"2","('E', 'I')","('de', 'de')",0.214124976572033,25866,25866,0.214121872096708,0.0087932709908054,0.00879327099074891,12932.9942688143,12932.9942689805,24.3510093388548,3.07546481978758e-130,"natural"
"3","('i', 'I')","('de', 'de')",0.394479635126297,25866,25866,0.394473915792135,0.00879327565518077,0.00879327565498902,12932.9805482564,12932.9805488205,44.8615450319361,0,"natural"
"4","('a:', 'a')","('jp', 'jp')",-0.0061041175239356,8,12,-0.00584619706517776,0.456435677173837,0.456435659588353,4.79999552877407,4.79999589864109,-0.0135004046044915,0.989394002995637,"synthetic"
"5","('a', 'a~')","('fr', 'fr')",0.941344231353687,168,168,0.939228851058511,0.109180859362134,0.109180536621053,83.8893797485249,83.8898757085181,8.62756239037659,3.27513671032288e-16,"synthetic"
"6","('E', 'I')","('nl', 'nl')",1.32385096330456,8,8,1.25164091076068,0.513509534455685,0.512092863965257,3.79230253785067,3.81331386109334,2.64770192660912,0.022769121512787,"synthetic"
"7","('u:', 'y:')","('de', 'de')",1.77304121663572,168,168,1.76905685435114,0.109363857964703,0.109362714904,83.6088703444734,83.61061811589,16.2501911710196,1.19725016667156e-40,"synthetic"
