"","contrast","language","d","n1","n2","g","se_d","se_g","w_d","w_g","t","p_value","corpus"
"1","('a', 'a:')","('de', 'de')",0.0797971946396262,25704,25704,0.0797960304139125,0.00882093567356478,0.00882093567355681,12851.999204051,12851.9992040742,9.04634157459791,1.5285881935722e-19,"natural"
"2","('E', 'I')","('de', 'de')",0.286687613897618,25866,25866,0.286683457378199,0.00879327253506128,0.00879327253496001,12932.9897262847,12932.9897265826,32.6030754334089,8.19342912222786e-231,"natural"
"3","('i', 'I')","('de', 'de')",0.348037674027205,25866,25866,0.348032628028423,0.00879327418980859,0.00879327418965933,12932.9848587399,12932.984859179,39.5800097036261,0,"natural"
"4","('a:', 'a')","('jp', 'jp')",-0.785222302327917,8,12,-0.7520438951873,0.459939840178816,0.459650965975637,4.72713428998511,4.73307782693484,-1.90185998015087,0.0804263371359489,"synthetic"
"5","('a', 'a~')","('fr', 'fr')",1.12386188539966,168,168,1.12133635307292,0.109211435484638,0.10921097558627,83.8424130023211,83.8431191414233,10.3003643210395,9.82587014759713e-22,"synthetic"
"6","('E', 'I')","('nl', 'nl')",1.78605831083833,8,8,1.68863694842896,0.524329961487417,0.521801976504853,3.63739654437644,3.67272626157612,3.57211662167665,0.0030650654209344,"synthetic"
"7","('u:', 'y:')","('de', 'de')",2.4720149785128,168,168,2.46645988867344,0.109603915617556,0.109601698525617,83.2430263128239,83.2463941312384,22.656391516199,6.04975535905064e-63,"synthetic"
