"","contrast","language","d","n1","n2","g","se_d","se_g","w_d","w_g","t","p_value","corpus"
"1","('a', 'a:')","('de', 'de')",0.0321475596595266,25704,25704,0.0321470906328176,0.00882093544474832,0.00882093544474703,12851.9998708168,12851.9998708206,3.64446152252859,0.000268216009379686,"natural"
"2","('E', 'I')","('de', 'de')",0.0822092131295978,25866,25866,0.0822080212253291,0.00879326932965291,0.00879326932964458,12932.9991552057,12932.9991552302,9.34910699679773,9.17889094196636e-21,"natural"
"3","('i', 'I')","('de', 'de')",0.090295918098186,25866,25866,0.0902946089494162,0.00879326938893243,0.00879326938892239,12932.998980831,12932.9989808605,10.2687541643686,1.0293201971151e-24,"natural"
"4","('a:', 'a')","('jp', 'jp')",-0.501074806624561,8,12,-0.479902631696763,0.45786572336718,0.457747579503371,4.77005882232949,4.77252142805875,-1.07708764007872,0.300969955479149,"synthetic"
"5","('a', 'a~')","('fr', 'fr')",0.296295609933525,168,168,0.295629777102214,0.109116071963403,0.109116039969667,83.9890275473994,83.9890767999782,2.71559412120698,0.0069598868714612,"synthetic"
"6","('E', 'I')","('nl', 'nl')",0.415730200203204,8,8,0.393054007464847,0.501348428610291,0.501205511217581,3.97851210592674,3.98078135329728,0.831460400406408,0.426772748128158,"synthetic"
"7","('u:', 'y:')","('de', 'de')",0.361301892324978,168,168,0.360489977960203,0.109119542057896,0.109119494487013,83.9836857869354,83.9837590126961,3.31138654061999,0.00102989610312543,"synthetic"
