"","contrast","language","d","n1","n2","g","se_d","se_g","w_d","w_g","t","p_value","corpus"
"1","('a', 'a:')","('de', 'de')",0.0267509207305688,25704,25704,0.0267505304397833,0.00882093543111344,0.00882093543111254,12851.9999105485,12851.9999105511,3.03266258239541,0.00242527290094866,"natural"
"2","('E', 'I')","('de', 'de')",0.0752014701616032,25866,25866,0.0752003798585837,0.00879326928277768,0.00879326928277071,12932.9992930924,12932.9992931129,8.55216300086681,1.24051079988545e-17,"natural"
"3","('i', 'I')","('de', 'de')",0.0648449751848182,25866,25866,0.0648440350346843,0.0087932692211443,0.00879326922113912,12932.9994743912,12932.9994744064,7.37438771311258,1.67564325740908e-13,"natural"
"4","('a:', 'a')","('jp', 'jp')",-0.262901487074929,8,12,-0.251792973536552,0.456829638604858,0.456797044771631,4.79172024380869,4.79240407530128,-0.572769316886719,0.575552585371654,"synthetic"
"5","('a', 'a~')","('fr', 'fr')",0.183842572542785,168,168,0.183429443166285,0.109111688888637,0.109111676571094,83.9957754510379,83.9957944154919,1.68494500926545,0.0929332790703836,"synthetic"
"6","('E', 'I')","('nl', 'nl')",0.213959726204884,8,8,0.202289195684618,0.500357518777493,0.500319592537881,3.99428582906046,3.99489141790967,0.427919452409769,0.675541750903832,"synthetic"
"7","('u:', 'y:')","('de', 'de')",0.198953334113758,168,168,0.198506247969682,0.109112158461371,0.109112144035816,83.9950524877761,83.9950746974995,1.82343742668027,0.069130973569759,"synthetic"
