"","contrast","language","d","n1","n2","g","se_d","se_g","w_d","w_g","t","p_value","corpus"
"1","('A', '{')","('en', 'en')",0.743365678069993,18227,18225,0.743350382375,0.0104754083473522,0.0104754083457185,9112.93089902401,9112.93090186652,70.9629773193722,0,"natural"
"2","('A', 'E')","('en', 'en')",0.695536674328706,18363,18360,0.695522468395937,0.0104366795998618,0.0104366795984577,9180.68946772104,9180.68947019117,66.6434621191914,0,"natural"
"3","('A', 'i')","('en', 'en')",2.97058477608771,18768,18771,2.97052542255865,0.0103231958918565,0.0103231958676164,9383.64702296294,9383.64706703082,287.777423757888,0,"natural"
"4","('e', 'E')","('en', 'en')",0.768753823527944,18768,18771,0.768738463504296,0.0103226298987958,0.0103226298971723,9384.67606783915,9384.67607079109,74.4733972107417,0,"natural"
"5","('i', 'I')","('en', 'en')",0.761009459866323,19182,19182,0.760994581580142,0.0102110333234624,0.0102110333219556,9590.92760862165,9590.92761145221,74.5284348572802,0,"natural"
"6","('A', '{')","('en', 'en')",0.89471444243705,24,24,0.880046992561033,0.289876221688866,0.289837242865134,11.9007632623866,11.9039644310234,3.09938174513326,0.00330619701253998,"synthetic"
"7","('A', 'E')","('en', 'en')",1.23729857126659,24,24,1.21701498813108,0.290967775388674,0.290893507208191,11.8116402945849,11.817672337201,4.28612797913224,0.00014069931647921,"synthetic"
"8","('A', 'i')","('en', 'en')",4.67872783766209,24,24,4.60202738130697,0.319899200404122,0.318931941563115,9.77178022726489,9.83114194294991,16.2075886592352,4.06693046438853e-20,"synthetic"
"9","('i', 'I')","('en', 'en')",0.774846724053637,24,24,0.762144318741283,0.289576419950115,0.289547155957508,11.9254180077346,11.9278286891928,2.6841477882784,0.0101432599848228,"synthetic"
