"","contrast","language","d","n1","n2","g","se_d","se_g","w_d","w_g","t","p_value","corpus"
"1","('a', 'a:')","('de', 'de')",0.0440472857225316,25704,25704,0.0440466430811094,0.00882093548364267,0.00882093548364024,12851.9997574796,12851.9997574867,4.99349374222309,5.94904337600317e-07,"natural"
"2","('E', 'I')","('de', 'de')",0.101643155258003,25866,25866,0.101641681592144,0.00879326948148418,0.00879326948147145,12932.9987085838,12932.9987086212,11.5591999707033,7.23834695653578e-31,"natural"
"3","('i', 'I')","('de', 'de')",0.199260757416087,25866,25866,0.199257868448558,0.00879327072969234,0.00879327072964342,12932.9950368957,12932.9950370396,22.6606005632141,3.90907206441418e-113,"natural"
"4","('a:', 'a')","('jp', 'jp')",-0.587921912295565,8,12,-0.563080141353499,0.458403321408018,0.458240857596487,4.75887709454788,4.76225209855844,-1.29788115239879,0.212776062448423,"synthetic"
"5","('a', 'a~')","('fr', 'fr')",0.322733560381628,168,168,0.322008316425714,0.109117400486095,0.109117362528603,83.9869823987946,83.9870408301143,2.95790193950282,0.00331833683722293,"synthetic"
"6","('E', 'I')","('nl', 'nl')",1.74650590629887,8,8,1.65124194777348,0.523288003880995,0.52086616540749,3.65189634661542,3.68593528045528,3.49301181259775,0.0037865544112566,"synthetic"
"7","('u:', 'y:')","('de', 'de')",0.589942769390303,168,168,0.588617055301785,0.109137195520081,0.109137068710984,83.9565184604324,83.9567135629151,5.40691479284588,1.22369270946715e-07,"synthetic"
