"","contrast","language","d","n1","n2","g","se_d","se_g","w_d","w_g","t","p_value","corpus"
"1","('A', '{')","('en', 'en')",1.28003402321588,18227,18225,1.2800076848866,0.010475486361319,0.0104754863564748,9112.79516628264,9112.79517471067,122.194041337452,0,"natural"
"2","('A', 'E')","('en', 'en')",1.15310622049019,18363,18360,1.15308266896509,0.0104367396992753,0.0104367396954163,9180.58373499606,9180.5837417851,110.485861993528,0,"natural"
"3","('A', 'i')","('en', 'en')",3.38180404155087,18768,18771,3.3817364716885,0.0103233754591282,0.0103233754277129,9383.32058298287,9383.3206400919,327.6143037949,0,"natural"
"4","('e', 'E')","('en', 'en')",0.931017359101756,18768,18771,0.930998756984649,0.0103226488595341,0.010322648857153,9384.64159214856,9384.64159647814,90.1929607387642,0,"natural"
"5","('i', 'I')","('en', 'en')",0.787471420221514,19182,19182,0.78745602458484,0.0102110360499928,0.0102110360483794,9590.92248672175,9590.92248975258,77.1199512477259,0,"natural"
"6","('A', '{')","('en', 'en')",0.32139294825893,24,24,0.316124211402227,0.288830396195862,0.288825348690237,11.9871021992891,11.9875211756341,1.11333783115765,0.27243267065193,"synthetic"
"7","('A', 'E')","('en', 'en')",1.24863364536867,24,24,1.22816424134623,0.291009804955369,0.290934180527252,11.8082287100565,11.8143682884456,4.32539382763696,9.99276210217725e-05,"synthetic"
"8","('A', 'i')","('en', 'en')",3.93203137914741,24,24,3.86757184834171,0.311053416788832,0.310351100461019,10.3354656398863,10.3822963388053,13.6209562512769,1.82803181808352e-17,"synthetic"
"9","('i', 'I')","('en', 'en')",0.725366940213503,24,24,0.713475678898527,0.28946513954553,0.289439483972512,11.9345888559253,11.9367046853328,2.51274478916112,0.0159978527480256,"synthetic"
