"","contrast","language","d","n1","n2","g","se_d","se_g","w_d","w_g","t","p_value","corpus"
"1","('A', '{')","('en', 'en')",0.227407783392176,18227,18225,0.227403104187585,0.0104753723625418,0.0104753723623889,9112.99350828377,9112.99350854979,21.7088057376539,7.72055715737526e-104,"natural"
"2","('A', 'E')","('en', 'en')",0.213423603526971,18363,18360,0.213419244473775,0.0104366484643646,0.0104366484642324,9180.74424502975,9180.74424526233,20.4494445398295,1.99185782706957e-92,"natural"
"3","('A', 'i')","('en', 'en')",0.903058200972682,18768,18771,0.903040157491274,0.0103226453343254,0.0103226453320851,9384.64800190597,9384.64800597942,87.4837824329616,0,"natural"
"4","('e', 'E')","('en', 'en')",0.188682095256504,18768,18771,0.188678325309147,0.0103225917187481,0.0103225917186503,9384.74548994784,9384.74549012567,18.278562939876,2.57889402330799e-74,"natural"
"5","('i', 'I')","('en', 'en')",0.403139321394836,19182,19182,0.403131439729087,0.0102110056019398,0.0102110056015169,9590.97968487897,9590.97968567331,39.4809056095845,0,"natural"
"6","('A', '{')","('en', 'en')",14.0990216262491,24,24,13.8678901241795,0.505853248867831,0.500276292149032,3.90796722506431,3.99558298711052,48.8404435873517,1.01905652472738e-39,"synthetic"
"7","('A', 'E')","('en', 'en')",8.22564492936304,24,24,8.09079829117676,0.37691782107011,0.374375657331677,7.03893016261071,7.13484915112351,28.4944698853562,1.6577819001241e-26,"synthetic"
"8","('A', 'i')","('en', 'en')",10.7053753602678,24,24,10.5298774035421,0.427570922483828,0.423771015266364,5.46995400407254,5.56849074563676,37.0845080761597,1.00454767479934e-25,"synthetic"
"9","('i', 'I')","('en', 'en')",7.82756388406836,24,24,7.6992431646574,0.36948579645773,0.367137890039339,7.32494728625256,7.41893531716275,27.1154766933952,3.4425637617271e-29,"synthetic"
