"","contrast","language","d","n1","n2","g","se_d","se_g","w_d","w_g","t","p_value","corpus"
"1","('a', 'a:')","('de', 'de')",0.0732725425035184,25704,25704,0.0732714734712238,0.00882093563072269,0.00882093563071597,12851.9993288918,12851.9993289114,8.306663542742,1.00805597419579e-16,"natural"
"2","('E', 'I')","('de', 'de')",0.261802229398119,25866,25866,0.261798433677628,0.00879327195504006,0.0087932719549556,12932.9914324548,12932.9914327032,29.7730261787652,3.76443980586942e-193,"natural"
"3","('i', 'I')","('de', 'de')",0.359177367913504,25866,25866,0.359172160406684,0.00879327452458556,0.0087932745244266,12932.9838739724,12932.98387444,40.8468529939323,0,"natural"
"4","('a:', 'a')","('jp', 'jp')",-0.463106544376121,8,12,-0.443538662219384,0.457657461924787,0.457556500068135,4.77440113266345,4.77650835039053,-1.1107157829711,0.285544660804202,"synthetic"
"5","('a', 'a~')","('fr', 'fr')",1.17404868125082,168,168,1.17141036960756,0.109220788622258,0.109220286775545,83.8280539034719,83.8288242535819,10.7603339027899,2.45101176622508e-23,"synthetic"
"6","('E', 'I')","('nl', 'nl')",1.34863615993731,8,8,1.2750741875771,0.514013158664634,0.512544313509706,3.78487486917435,3.80659927816916,2.69727231987462,0.0187724082696512,"synthetic"
"7","('u:', 'y:')","('de', 'de')",2.31190043956853,168,168,2.30670515768185,0.109541995420355,0.109540055139324,83.3371615600701,83.3401138855114,21.1889175270489,1.40482472306016e-59,"synthetic"
