"","contrast","language","d","n1","n2","g","se_d","se_g","w_d","w_g","t","p_value","corpus"
"1","('a', 'a:')","('de', 'de')",0.0826751663184235,25704,25704,0.0826739601036569,0.00882093569362289,0.00882093569361433,12851.9991456022,12851.9991456271,9.37260761648067,7.35280728676557e-21,"natural"
"2","('a:', 'a')","('jp', 'jp')",-1.30600934685496,8,12,-1.25082585332588,0.466065426011514,0.465276381323445,4.60369163546957,4.61931932989808,-3.02423835712464,0.00741507376517487,"synthetic"
"3","('a', 'a~')","('fr', 'fr')",1.03377701901665,168,168,1.03145392459189,0.109195669711202,0.109195280529611,83.8666252428901,83.8672230600235,9.4747228826992,5.34554535141459e-19,"synthetic"
"4","('u:', 'y:')","('de', 'de')",1.46186081259258,168,168,1.45857573211484,0.109282296884415,0.109281519265235,83.7337171804675,83.7349088398908,13.3981756583903,1.68298635291001e-32,"synthetic"
