"","contrast","language","d","n1","n2","g","se_d","se_g","w_d","w_g","t","p_value","corpus"
"1","('a', 'a:')","('de', 'de')",0.0219329497957483,25704,25704,0.0219326297982316,0.0088209354210517,0.0088209354210511,12851.9999398682,12851.99993987,2.48646530102849,0.0129050645150598,"natural"
"2","('E', 'I')","('de', 'de')",0.073817387622749,25866,25866,0.0738163173867491,0.00879326927401303,0.00879326927400632,12932.9993188742,12932.9993188939,8.39476049991174,4.78498308658291e-17,"natural"
"3","('i', 'I')","('de', 'de')",0.0742524341740368,25866,25866,0.0742513576305463,0.0087932692767504,0.00879326927674361,12932.999310822,12932.999310842,8.44423545048894,3.13862693800434e-17,"natural"
"4","('a:', 'a')","('jp', 'jp')",-0.196246215591114,8,12,-0.187954121974588,0.456655143048419,0.456636974886137,4.79538293611966,4.79576453039853,-0.423656808636817,0.678481807977867,"synthetic"
"5","('a', 'a~')","('fr', 'fr')",0.225123310474893,168,168,0.224617415395174,0.109113059397888,0.109113040927866,83.9936654146232,83.9936938505461,2.06328922190048,0.0398577267289613,"synthetic"
"6","('E', 'I')","('nl', 'nl')",0.196675854327,8,8,0.185948080454618,0.500302107103761,0.500270057448855,3.99517066371086,3.99568257898822,0.393351708654001,0.700035523925287,"synthetic"
"7","('u:', 'y:')","('de', 'de')",0.153976579779368,168,168,0.153630564993347,0.109110869833723,0.109110861193111,83.9970365061648,83.9970498098057,1.41121866417872,0.159110972309571,"synthetic"
