"","contrast","language","d","n1","n2","g","se_d","se_g","w_d","w_g","t","p_value","corpus"
"1","('a', 'a:')","('de', 'de')",0.0822695585368504,25704,25704,0.0822683582398233,0.00882093569075297,0.0088209356907445,12851.999153965,12851.9991539897,9.32662521629736,1.1349121185771e-20,"natural"
"2","('E', 'I')","('de', 'de')",0.221516071358121,25866,25866,0.221512859723549,0.00879327112763138,0.00879327112757092,12932.9938663317,12932.9938665095,25.1915493872029,3.43914593260461e-139,"natural"
"3","('i', 'I')","('de', 'de')",0.401525612047728,25866,25866,0.401519790557985,0.00879327589351582,0.00879327589331716,12932.9798471793,12932.9798477636,45.6628371210792,0,"natural"
"4","('a:', 'a')","('jp', 'jp')",-0.203513569570821,8,12,-0.194914404659378,0.45667171020443,0.456652172206546,4.79503500821263,4.79544533096472,-0.444535148969465,0.663075833246636,"synthetic"
"5","('a', 'a~')","('fr', 'fr')",1.01442112690893,168,168,1.01214152887093,0.109192453773808,0.109192079018429,83.8715653972443,83.8721411051982,9.29732320124513,2.29192912644076e-18,"synthetic"
"6","('E', 'I')","('nl', 'nl')",1.83032476309011,8,8,1.73048886692156,0.525521234840801,0.522872114193413,3.62092443239119,3.65770805470458,3.66064952618022,0.00380768475998007,"synthetic"
"7","('u:', 'y:')","('de', 'de')",2.00455156393992,168,168,2.00004695368388,0.109434667638872,0.109433207528713,83.50070715223,83.5029353797843,18.3720185523936,3.82960653106217e-48,"synthetic"
