"","contrast","language","d","n1","n2","g","se_d","se_g","w_d","w_g","t","p_value","corpus"
"1","('a', 'a:')","('de', 'de')",0.0548573865668471,25704,25704,0.0548565862081338,0.00882093552950652,0.00882093552950275,12851.9996238334,12851.9996238444,6.21899878829853,5.04175875390154e-10,"natural"
"2","('E', 'I')","('de', 'de')",0.227382689209704,25866,25866,0.227379392518402,0.00879327123954095,0.00879327123947724,12932.9935371423,12932.9935373297,25.8587208138083,1.66468504352029e-146,"natural"
"3","('i', 'I')","('de', 'de')",0.342192082002687,25866,25866,0.342187120755794,0.00879327401835245,0.00879327401820817,12932.9853630889,12932.9853635134,38.9152294044802,0,"natural"
"4","('a:', 'a')","('jp', 'jp')",-0.88015605935349,8,12,-0.842966366704751,0.46083413213171,0.46047186110755,4.70880519502122,4.7162173079392,-1.88121459837749,0.083596222515051,"synthetic"
"5","('a', 'a~')","('fr', 'fr')",0.467757632265308,168,168,0.466706491518645,0.109126706121786,0.1091266263932,83.9726592515859,83.9727819535156,4.28706951349819,2.37512768788996e-05,"synthetic"
"6","('E', 'I')","('nl', 'nl')",9.71868777523946,8,8,9.18857753295367,0.993938237174273,0.953734260515201,1.01223465831468,1.09937341910243,19.4373755504789,1.04274647029078e-09,"synthetic"
"7","('u:', 'y:')","('de', 'de')",0.618680919810278,168,168,0.617290625608457,0.109140014506364,0.109139875045324,83.9521814769993,83.9523960285739,5.670304292111,3.08731303192534e-08,"synthetic"
