"","contrast","language","d","n1","n2","g","se_d","se_g","w_d","w_g","t","p_value","corpus"
"1","('A', '{')","('en', 'en')",0.19461617515406,18227,18225,0.194612170678546,0.0104753713683099,0.010475371368198,9112.99523813718,9112.99523833201,18.5784465365848,1.0870126547817e-76,"natural"
"2","('A', 'E')","('en', 'en')",0.201178471490351,18363,18360,0.201174362536867,0.0104366481036551,0.0104366481035376,9180.74487963614,9180.7448798428,19.2761524307242,2.17813613167293e-82,"natural"
"3","('A', 'i')","('en', 'en')",1.03439555249421,18768,18771,1.03437488483746,0.0103226628272663,0.010322662824327,9384.61619519938,9384.6162005438,100.207025680292,0,"natural"
"4","('e', 'E')","('en', 'en')",0.271176717515074,18768,18771,0.271171299290584,0.0103225943266783,0.0103225943264762,9384.74074796988,9384.7407483372,26.2702344860886,9.73017245981909e-151,"natural"
"5","('i', 'I')","('en', 'en')",0.354529575476519,19182,19182,0.354522644166513,0.0102110031512599,0.0102110031509329,9590.98428862325,9590.98428923758,34.7203757171721,4.22058019319598e-260,"natural"
"6","('A', '{')","('en', 'en')",15.4997155613462,24,24,15.2456218636192,0.540255519602181,0.533942511802652,3.42611214811406,3.50760757751849,53.6925897102351,9.48914279651864e-43,"synthetic"
"7","('A', 'E')","('en', 'en')",5.88735072501731,24,24,5.79083677870555,0.336780223422242,0.335324509334502,8.81671573287569,8.89343232129011,20.3943811554149,1.44812118310779e-21,"synthetic"
"8","('A', 'i')","('en', 'en')",9.79129438101316,24,24,9.6307813583736,0.408109468455169,0.404780407688673,6.0040825993079,6.1032482186665,33.9180386795569,1.30889364211311e-23,"synthetic"
"9","('i', 'I')","('en', 'en')",6.15002758510418,24,24,6.04920746075821,0.340830836504636,0.339260980569364,8.60839604096754,8.68824729883346,21.3043204907012,8.0667049312373e-24,"synthetic"
