"","contrast","language","d","n1","n2","g","se_d","se_g","w_d","w_g","t","p_value","corpus"
"1","('a', 'a:')","('de', 'de')",0.0658863393003877,25704,25704,0.0658853780313764,0.00882093558663107,0.00882093558662563,12851.9994573738,12851.9994573896,7.46931434247665,8.18877026855246e-14,"natural"
"2","('E', 'I')","('de', 'de')",0.198146834699825,25866,25866,0.198143961882422,0.00879327071088089,0.00879327071083251,12932.9950922308,12932.9950923732,22.5339215419215,6.69179177765842e-112,"natural"
"3","('i', 'I')","('de', 'de')",0.344973872308849,25866,25866,0.344968870730372,0.00879327409958253,0.00879327409943589,12932.9851241455,12932.9851245769,39.2315839129945,0,"natural"
"4","('a:', 'a')","('jp', 'jp')",-0.587956653605259,8,12,-0.56311341472053,0.458403553483665,0.458241070549924,4.75887227600232,4.76224767233921,-1.3919428532206,0.183468708635588,"synthetic"
"5","('a', 'a~')","('fr', 'fr')",1.09269118716592,168,168,1.09023570135207,0.109205831600633,0.10920539683711,83.8510179496076,83.851685598599,10.014680152798,8.73582396039009e-21,"synthetic"
"6","('E', 'I')","('nl', 'nl')",1.39488467971803,8,8,1.31880006082432,0.514976510915426,0.513407988351721,3.77072759350393,3.79380283250915,2.78976935943606,0.0144699545300107,"synthetic"
"7","('u:', 'y:')","('de', 'de')",2.1700696338287,168,168,2.1651930728538,0.109490581318797,0.109488870999663,83.4154461254248,83.4180522012124,19.8890167206902,5.95552658106571e-54,"synthetic"
