"","contrast","language","d","n1","n2","g","se_d","se_g","w_d","w_g","t","p_value","corpus"
"1","('A', '{')","('en', 'en')",1.11112236736448,18227,18225,1.11109950460751,0.0104754573444008,0.0104754573407507,9112.84565106608,9112.84565741663,106.069847035437,0,"natural"
"2","('A', 'E')","('en', 'en')",0.997779929311085,18363,18360,0.997759550235304,0.0104367159624991,0.0104367159596097,9180.62549481975,9180.62549990302,95.6035250861967,0,"natural"
"3","('A', 'i')","('en', 'en')",4.7360005419748,18768,18771,4.7359059146987,0.0103241311031776,0.0103241310415699,9381.94706480308,9381.94717677375,458.801197596643,0,"natural"
"4","('e', 'E')","('en', 'en')",0.856397339787796,18768,18771,0.856380228609954,0.0103226396904845,0.0103226396884697,9384.65826390803,9384.65826757141,82.9635804036075,0,"natural"
"5","('i', 'I')","('en', 'en')",0.805147152882251,19182,19182,0.8051314116722,0.0102110379231386,0.010211037921452,9590.9189679424,9590.91897111081,78.8510002814551,0,"natural"
"6","('A', '{')","('en', 'en')",0.623686695674705,24,24,0.613462323614464,0.289259388794076,0.289240408498563,11.9515730855785,11.9531416895857,2.16051408982668,0.0361224673870338,"synthetic"
"7","('A', 'E')","('en', 'en')",1.80155939624893,24,24,1.77202563565469,0.293514409454589,0.293358300981415,11.6075655876102,11.619922636767,6.24078481431253,1.26123677762903e-07,"synthetic"
"8","('A', 'i')","('en', 'en')",5.62925895474862,24,24,5.53697602106422,0.332927560808948,0.33158146866601,9.02195179163205,9.09535172681201,19.5003250371734,7.15746720553958e-24,"synthetic"
"9","('i', 'I')","('en', 'en')",0.634974028740394,24,24,0.624564618433175,0.289280705204819,0.289261033117206,11.9498117841862,11.9514372069778,2.19961455853013,0.0332668565993216,"synthetic"
