"","contrast","language","d","n1","n2","g","se_d","se_g","w_d","w_g","t","p_value","corpus"
"1","('a', 'a:')","('de', 'de')",0.0690104585317664,25704,25704,0.0690094516824568,0.00882093560470918,0.00882093560470322,12851.9994046946,12851.999404712,7.82348531069749,5.23568199765522e-15,"natural"
"2","('E', 'I')","('de', 'de')",0.303307886757617,25866,25866,0.303303489270387,0.00879327295175578,0.00879327295164243,12932.988500551,12932.9885008844,34.4931885164663,8.67665739575628e-258,"natural"
"3","('i', 'I')","('de', 'de')",0.358590698870004,25866,25866,0.358585499868962,0.00879327450669154,0.00879327450653309,12932.9839266088,12932.9839270749,40.7801350258289,0,"natural"
"4","('a:', 'a')","('jp', 'jp')",-0.664688893729037,8,12,-0.636603447515134,0.458949271692092,0.458741847959972,4.7475618353224,4.75185610074223,-1.57519075270661,0.135431786551176,"synthetic"
"5","('a', 'a~')","('fr', 'fr')",1.33642613772385,168,168,1.33342293291998,0.109253843231577,0.109253193165243,83.7773374376134,83.7783344059775,12.2485478736741,2.7431852743424e-28,"synthetic"
"6","('E', 'I')","('nl', 'nl')",2.03293579972409,8,8,1.92204839246642,0.531307555454288,0.528073370427399,3.54248497020918,3.58600974099158,4.06587159944819,0.00171333042344969,"synthetic"
"7","('u:', 'y:')","('de', 'de')",1.80001895519636,168,168,1.79597396878019,0.109371664853513,0.109370486827564,83.5969348608246,83.598735710245,16.4974462290853,1.58944225252155e-42,"synthetic"
