"","contrast","language","d","n1","n2","g","se_d","se_g","w_d","w_g","t","p_value","corpus"
"1","('a', 'a:')","('de', 'de')",0.0644371454079314,25704,25704,0.0644362052823802,0.00882093557852942,0.00882093557852423,12851.9994809818,12851.999480997,7.305024068637,2.81224944675768e-13,"natural"
"2","('E', 'I')","('de', 'de')",0.295044041712009,25866,25866,0.295039764037532,0.00879327274163463,0.00879327274152737,12932.9891186358,12932.9891189514,33.5533963861785,3.40392781888844e-244,"natural"
"3","('i', 'I')","('de', 'de')",0.346067591889872,25866,25866,0.346062574454181,0.00879327413169997,0.0087932741315524,12932.9850296701,12932.9850301041,39.355965366097,0,"natural"
"4","('a:', 'a')","('jp', 'jp')",-0.656529567989217,8,12,-0.628788882017841,0.458888098387718,0.458685709948756,4.74882769252846,4.75301932021693,-1.50875172763182,0.148777510771714,"synthetic"
"5","('a', 'a~')","('fr', 'fr')",0.448239343248958,168,168,0.447232063825926,0.109125254915769,0.109125181701116,83.9748926931256,83.9750053746268,4.10818143979128,5.05951575943953e-05,"synthetic"
"6","('E', 'I')","('nl', 'nl')",2.34203980072412,8,8,2.21429217523008,0.541158699200266,0.536940768943643,3.41468550980625,3.46854424831047,4.68407960144825,0.000352311770522268,"synthetic"
"7","('u:', 'y:')","('de', 'de')",1.52600208084627,168,168,1.52257286268706,0.109297829299077,0.109296982064675,83.7099199209785,83.7112177097654,13.9860400922763,4.59682448021052e-35,"synthetic"
