"","contrast","language","d","n1","n2","g","se_d","se_g","w_d","w_g","t","p_value","corpus"
"1","('a', 'a:')","('de', 'de')",0.0458978580428643,25704,25704,0.045897188401948,0.00882093549078283,0.00882093549078019,12851.9997366733,12851.999736681,5.20328694853603,1.96544163761279e-07,"natural"
"2","('E', 'I')","('de', 'de')",0.100812743368102,25866,25866,0.10081128174191,0.00879326947433995,0.00879326947432743,12932.998729599,12932.9987296358,11.4647627499279,2.15815708204349e-30,"natural"
"3","('i', 'I')","('de', 'de')",0.123531516499903,25866,25866,0.123529725487239,0.00879326969092622,0.00879326969090741,12932.9980924958,12932.9980925511,14.0484177048822,9.52258003105429e-45,"natural"
"4","('a:', 'a')","('jp', 'jp')",-0.485368383783911,8,12,-0.464859860525436,0.457777593765845,0.457666719906572,4.77189562628577,4.77420797519872,-1.06447695838325,0.303658100990721,"synthetic"
"5","('a', 'a~')","('fr', 'fr')",0.329445554492317,168,168,0.32870522740357,0.10911775582698,0.109117716274371,83.9864353941407,83.9864962803723,3.01941838165548,0.00272844505191275,"synthetic"
"6","('E', 'I')","('nl', 'nl')",0.818676456045075,8,8,0.774021376624434,0.505209046612162,0.504658835033255,3.91793983497491,3.92648767304769,1.63735291209015,0.132345540002941,"synthetic"
"7","('u:', 'y:')","('de', 'de')",0.538140891573664,168,168,0.536931586199341,0.109132452609851,0.109132347088227,83.9638161408864,83.9639785125893,4.93214274037468,1.28587591219019e-06,"synthetic"
