"","contrast","language","d","n1","n2","g","se_d","se_g","w_d","w_g","t","p_value","corpus"
"1","('a', 'a:')","('de', 'de')",0.0209388209454955,25704,25704,0.0209385154521274,0.00882093541922344,0.00882093541922289,12851.9999451957,12851.9999451973,2.37376423190991,0.0176114420572391,"natural"
"2","('E', 'I')","('de', 'de')",0.0660835712187879,25866,25866,0.0660826131109599,0.0087932692280355,0.00879326922803012,12932.9994541202,12932.9994541361,7.51524500156682,5.77175242985693e-14,"natural"
"3","('i', 'I')","('de', 'de')",0.0876079304301008,25866,25866,0.0876066602529238,0.0087932693686115,0.00879326936860204,12932.9990406064,12932.9990406342,9.96306720595699,2.32124934268436e-23,"natural"
"4","('a:', 'a')","('jp', 'jp')",-0.255711192474798,8,12,-0.244906494201215,0.456808380995459,0.456777544273593,4.79216622024684,4.79281327344287,-0.555206637230096,0.587419751634417,"synthetic"
"5","('a', 'a~')","('fr', 'fr')",0.195984951100584,168,168,0.195544535480133,0.109112063291898,0.109112049293579,83.9951990117821,83.9952205637865,1.79623174698129,0.073361337712472,"synthetic"
"6","('E', 'I')","('nl', 'nl')",0.213760198083644,8,8,0.202100550915445,0.50035685251788,0.500318996933771,3.99429646640095,3.99490092934209,0.427520396167288,0.676352293805485,"synthetic"
"7","('u:', 'y:')","('de', 'de')",0.205606154200107,168,168,0.205144117898534,0.109112376953619,0.10911236154721,83.994716096067,83.9947398157813,1.88441152994151,0.0603776377735452,"synthetic"
