"","contrast","language","d","n1","n2","g","se_d","se_g","w_d","w_g","t","p_value","corpus"
"1","('a', 'a:')","('de', 'de')",0.0805456405876619,25704,25704,0.0805444654422659,0.00882093567871273,0.0088209356787046,12851.99918905,12851.9991890737,9.13119039323912,7.01340691048424e-20,"natural"
"2","('E', 'I')","('de', 'de')",0.197944435114799,25866,25866,0.197941565231872,0.00879327070747418,0.0087932707074259,12932.9951022519,12932.995102394,22.510903983372,1.11981336489808e-111,"natural"
"3","('i', 'I')","('de', 'de')",0.327424191544175,25866,25866,0.327419444408462,0.0087932735981338,0.0087932735980017,12932.9865991887,12932.9865995773,37.2357754508708,1.71326612922512e-299,"natural"
"4","('a:', 'a')","('jp', 'jp')",-1.28713215821766,8,12,-1.23274629237748,0.46579182801484,0.465024996087634,4.60910148018997,4.62431494329447,-2.91494436909269,0.00930553422405329,"synthetic"
"5","('a', 'a~')","('fr', 'fr')",0.897448519054531,168,168,0.895431780809465,0.109174310846859,0.109174017485845,83.8994437893431,83.89989468159,8.22525154178681,4.62195680094538e-15,"synthetic"
"6","('E', 'I')","('nl', 'nl')",2.0853603265454,8,8,1.97161339964292,0.532892517389834,0.529499021759391,3.52144375138138,3.56672541031028,4.1707206530908,0.00355298166738018,"synthetic"
"7","('u:', 'y:')","('de', 'de')",1.56656100819046,168,168,1.5630406463743,0.109307994003235,0.109307101216644,83.6943520383866,83.6957192231272,14.3577688015982,2.73156526835547e-36,"synthetic"
