"","contrast","language","d","n1","n2","g","se_d","se_g","w_d","w_g","t","p_value","corpus"
"1","('a', 'a:')","('de', 'de')",0.0584654226276349,25704,25704,0.0584645696283698,0.00882093554704581,0.00882093554704154,12851.9995727243,12851.9995727368,6.62802979204193,3.43549088502321e-11,"natural"
"2","('E', 'I')","('de', 'de')",0.230212511737677,25866,25866,0.2302091740184,0.00879327129456742,0.00879327129450211,12932.9933752783,12932.9933754704,26.1805377074241,4.23462239504583e-150,"natural"
"3","('i', 'I')","('de', 'de')",0.418068081003933,25866,25866,0.418062019674413,0.00879327646965802,0.00879327646944265,12932.9781524219,12932.9781530554,47.5441020836687,0,"natural"
"4","('a:', 'a')","('jp', 'jp')",-0.630374967668101,8,12,-0.603739405653956,0.45869704848729,0.458510389683376,4.75278434322368,4.75665483182838,-1.48786257227262,0.156279623673083,"synthetic"
"5","('a', 'a~')","('fr', 'fr')",0.776414343048048,168,168,0.774669591715355,0.109157872369984,0.109157652768304,83.9247151304637,83.925052807695,7.11595499533418,7.65373608578507e-12,"synthetic"
"6","('E', 'I')","('nl', 'nl')",1.09924961930713,8,8,1.03929054916311,0.509352758145899,0.508368444492862,3.85445230063723,3.8693928936941,2.19849923861427,0.0456044759111134,"synthetic"
"7","('u:', 'y:')","('de', 'de')",2.21530123984039,168,168,2.21032303480704,0.10950662711227,0.109504845012982,83.3910025096398,83.3937167686376,20.3035712373962,6.60380056642616e-57,"synthetic"
