"","contrast","language","d","n1","n2","g","se_d","se_g","w_d","w_g","t","p_value","corpus"
"1","('a', 'a:')","('de', 'de')",0.0551604477558491,25704,25704,0.0551596429755314,0.00882093553093679,0.00882093553093298,12851.9996196656,12851.9996196767,6.25335582360657,4.0487481446627e-10,"natural"
"2","('E', 'I')","('de', 'de')",0.17691777729545,25866,25866,0.176915212265985,0.00879327037252961,0.00879327037249104,12932.9960875137,12932.9960876271,20.1196820478421,1.09554757903599e-89,"natural"
"3","('i', 'I')","('de', 'de')",0.258723662310161,25866,25866,0.258719911224051,0.00879327188694401,0.00879327188686153,12932.9916327637,12932.9916330064,29.4229212208602,1.01456951927126e-188,"natural"
"4","('a:', 'a')","('jp', 'jp')",-0.880975915951,8,12,-0.843751581474197,0.460842291378909,0.460479351301673,4.70863845700174,4.71606388044779,-1.9240954689572,0.0737716616428089,"synthetic"
"5","('a', 'a~')","('fr', 'fr')",0.389689596032129,168,168,0.388813889074753,0.109121272594323,0.109121217255299,83.9810220409659,83.9811072201653,3.57156414270799,0.00040774667808263,"synthetic"
"6","('E', 'I')","('nl', 'nl')",7.75824795025699,8,8,7.33507078933388,0.848668125918796,0.818741715056075,1.38843072998392,1.49178475039081,15.516495900514,1.37520850661224e-09,"synthetic"
"7","('u:', 'y:')","('de', 'de')",0.590494515597213,168,168,0.589167561629579,0.109137248380528,0.109137121334183,83.9564371320496,83.9566325992658,5.41197163036102,1.19220085199333e-07,"synthetic"
