"","contrast","language","d","n1","n2","g","se_d","se_g","w_d","w_g","t","p_value","corpus"
"1","('A', '{')","('en', 'en')",0.347847447453692,18227,18225,0.347840290049715,0.0104753773401168,0.0104753773397591,9112.98484786097,9112.98484848338,33.2061517123041,3.330259071671e-238,"natural"
"2","('A', 'E')","('en', 'en')",0.316543311585706,18363,18360,0.31653684637234,0.0104366523472359,0.0104366523469451,9180.73741378915,9180.73741430077,30.3299139826269,1.37995552330106e-199,"natural"
"3","('A', 'i')","('en', 'en')",1.55184761732156,18768,18771,1.55181661075565,0.0103227548256946,0.010322754819079,9384.44892084144,9384.44893286992,150.336046417382,0,"natural"
"4","('e', 'E')","('en', 'en')",0.279607993858157,18768,18771,0.279602407173231,0.0103225946459209,0.0103225946457062,9384.7401674938,9384.74016788431,27.087055147182,4.90640119717103e-160,"natural"
"5","('i', 'I')","('en', 'en')",0.550965361098208,19182,19182,0.550954589326305,0.0102110149868579,0.0102110149860681,9590.96205479648,9590.96205628018,53.9580493919729,0,"natural"
"6","('A', '{')","('en', 'en')",5.59442316844723,24,24,5.50271131322678,0.332417453448737,0.33108595492071,9.04966210024185,9.12259688351895,19.3796503335821,3.57101071701685e-23,"synthetic"
"7","('A', 'E')","('en', 'en')",4.9198262567355,24,24,4.83917336728082,0.323023759656292,0.321964454773619,9.58365265282433,9.64681931991552,17.0427780821546,2.12683444606224e-20,"synthetic"
"8","('A', 'i')","('en', 'en')",6.03211902688459,24,24,5.93323182972255,0.338996758161254,0.337478445743351,8.70179624408648,8.78027097868064,20.8958732637341,4.79157591256497e-23,"synthetic"
"9","('i', 'I')","('en', 'en')",7.62903101324865,24,24,7.50396493106424,0.365863365084133,0.363611191640633,7.4707146913535,7.56354710642192,26.4277386549307,1.87712894168835e-29,"synthetic"
