"","contrast","language","d","n1","n2","g","se_d","se_g","w_d","w_g","t","p_value","corpus"
"1","('a', 'a:')","('de', 'de')",0.0514211286252004,25704,25704,0.0514203784008292,0.00882093551384062,0.00882093551383731,12851.9996694834,12851.9996694931,5.82944169648663,5.59444661475632e-09,"natural"
"2","('E', 'I')","('de', 'de')",0.0958418317235004,25866,25866,0.0958404421677072,0.00879326943279951,0.00879326943278819,12932.998851793,12932.9988518263,10.8994540324762,1.24267511441045e-27,"natural"
"3","('i', 'I')","('de', 'de')",0.168731890458537,25866,25866,0.168729444111554,0.00879327025229405,0.00879327025225897,12932.9964411946,12932.9964412978,19.1887555860922,8.85239166255486e-82,"natural"
"4","('a:', 'a')","('jp', 'jp')",-0.33231154153747,8,12,-0.31827020879645,0.457065087910531,0.457013037319776,4.78678476898971,4.78787519374,-0.725846978388127,0.479236764765303,"synthetic"
"5","('a', 'a~')","('fr', 'fr')",0.397209604938064,168,168,0.396316999084271,0.109121752934071,0.10912169543889,83.980282695544,83.9803711923885,3.64048616278437,0.000315378308864808,"synthetic"
"6","('E', 'I')","('nl', 'nl')",0.927713151680475,8,8,0.877110616134267,0.506679229238968,0.505974639873194,3.89523619922417,3.90609228855143,1.85542630336095,0.0958542917491656,"synthetic"
"7","('u:', 'y:')","('de', 'de')",0.638597632432661,168,168,0.637162581573262,0.109142046781757,0.109141898199828,83.9490550492081,83.9492836199271,5.85284397848451,1.15432623411892e-08,"synthetic"
