corpus;feature type;contrast;languages;n1;n2;mean1;mean2;std1;std2;es;se;w
ivc;apc;('a', 'a~');('fr', 'fr');168;168;0.1246619548185769;0.100934529100532;0.02434919632509823;0.024426719492708304;0.9707280883068587;0.11535602899174313;75.14834231252358
ivc;apc;('a:', 'a');('jp', 'jp');8;12;0.12228033811619371;0.13892083243182454;0.007479439302869733;0.015549191928310207;-1.3062557963669361;0.5009899584541478;3.9842075817091733
ivc;apc;('E', 'I');('nl', 'nl');8;8;0.0945392883767004;0.06887841930587318;0.010744920447184014;0.001398133922461257;3.1664890758253614;0.7505550668363996;1.7751492681694463
ivc;apc;('u:', 'y:');('de', 'de');168;168;0.1416367730303462;0.09401201639727015;0.035103841068065564;0.022719955088629402;1.607092545179794;0.12549157181415652;63.49958427643778
