corpus;feature type;contrast;languages;n1;n2;mean1;mean2;std1;std2;es;se;w
ivc;apc;('a', 'a~');('fr', 'fr');168;168;0.04696022757178052;0.03485736659168411;0.019661680003944713;0.01418110977622983;0.7044553975562807;0.11244216375188455;79.09364886176621
ivc;apc;('a:', 'a');('jp', 'jp');8;12;0.04489966227466746;0.07093529373812087;0.010411720523914524;0.022992170457445917;-1.3971692588550508;0.5070851819769265;3.88900194549404
ivc;apc;('E', 'I');('nl', 'nl');8;8;0.04798124014351935;0.026136097984540425;0.014297190732826032;0.008631396440447183;1.7489522995651472;0.587867814280829;2.893614243335787
ivc;apc;('u:', 'y:');('de', 'de');168;168;0.05358557822446301;0.022199648491023592;0.01756543695551461;0.009705462776762132;2.2067861915552665;0.13838946775163866;52.21483644083963
