corpus;feature type;contrast;languages;n1;n2;mean1;mean2;std1;std2;es;se;w
ivc;apc;('a', 'a~');('fr', 'fr');168;168;0.12127612485083039;0.09915324885856804;0.022699737258963126;0.023641032216440486;0.95244898493747;0.11512906234048564;75.44493084733408
ivc;apc;('a:', 'a');('jp', 'jp');8;12;0.11766773616268206;0.1360164455441731;0.008041944213382909;0.01668716113548062;-1.3416494974675555;0.5033228761786086;3.9473593158756377
ivc;apc;('E', 'I');('nl', 'nl');8;8;0.09255898948593472;0.06722570507609821;0.009458899685624371;0.0017562769052844706;3.5208418971019873;0.7983641020938677;1.5689098805698678
ivc;apc;('u:', 'y:');('de', 'de');168;168;0.1392537225966962;0.09525661644574435;0.03487998590316123;0.022279679747650178;1.4999738881457316;0.12350246807539043;65.5614766585825
