corpus;feature type;contrast;languages;n1;n2;mean1;mean2;std1;std2;es;se;w
ivc;apc;('a', 'a~');('fr', 'fr');168;168;0.12754912262166457;0.10260128865400181;0.023975686186634072;0.025181784717874477;1.012431359523748;0.11588824446414231;74.45969141201951
ivc;apc;('a:', 'a');('jp', 'jp');8;12;0.12338724109442173;0.1375954103579706;0.0061992449016073535;0.015141565965152932;-1.176200606102434;0.49286867417013497;4.116589555766191
ivc;apc;('E', 'I');('nl', 'nl');8;8;0.09320017839296081;0.06910969822584095;0.01258987729818647;0.001358130099036179;2.5437080578780717;0.6724593548059669;2.2114031345281653
ivc;apc;('u:', 'y:');('de', 'de');168;168;0.13874576184124102;0.09473886229400064;0.03541328175756442;0.023758982375750286;1.4561005209067568;0.12271863826273866;66.40166127946851
