corpus;feature type;contrast;languages;n1;n2;mean1;mean2;std1;std2;es;se;w
ivc;apc;('a', 'a~');('fr', 'fr');168;168;0.11829820819498739;0.09621152281103271;0.022953569443147102;0.023361054538907508;0.951587106330214;0.11511845620804285;75.45883332337901
ivc;apc;('a:', 'a');('jp', 'jp');8;12;0.11520865516977158;0.1339642382309878;0.008034017164866895;0.01575466002539768;-1.4364621212500208;0.5098224386764337;3.84735364371339
ivc;apc;('E', 'I');('nl', 'nl');8;8;0.08724087544953568;0.06378373080441913;0.009782874524411624;0.0013293476631361459;3.176810478815059;0.7519168175883296;1.7687253609712066
ivc;apc;('u:', 'y:');('de', 'de');168;168;0.13558556498622565;0.09151023735183199;0.0336781953826498;0.021678512626037965;1.5527699801521535;0.1244696762845375;64.54652705519506
