corpus;feature type;contrast;languages;n1;n2;mean1;mean2;std1;std2;es;se;w
ivc;apc;('a', 'a~');('fr', 'fr');168;168;0.1347181664508616;0.10745814555716751;0.023672183018424907;0.026606834103818252;1.0800748469307546;0.11679347917684821;73.30993057459754
ivc;apc;('a:', 'a');('jp', 'jp');8;12;0.12887344566489214;0.14503889324686017;0.004871156434919487;0.013326909491640454;-1.5430997445474526;0.5175541071944978;3.7332620984768825
ivc;apc;('E', 'I');('nl', 'nl');8;8;0.09898888173197185;0.0750979450129253;0.013951424082892067;0.002314653520155694;2.258780291222776;0.6398751930068192;2.442358730398307
ivc;apc;('u:', 'y:');('de', 'de');168;168;0.14687249062833813;0.09863334236493589;0.03820021748263397;0.025377560563580124;1.484189420135612;0.12321836401454274;65.86415483764371
