corpus;feature type;contrast;languages;n1;n2;mean1;mean2;std1;std2;es;se;w
ivc;apc;('a', 'a~');('fr', 'fr');168;168;0.00234919351300781;0.002299382089341987;0.0015153004840581389;0.0015356584794761613;0.032578859365408;0.10911618277037237;83.98885696656271
ivc;apc;('a:', 'a');('jp', 'jp');8;12;0.0023472753466058055;0.002948789708903386;0.000864847380519845;0.0005827997766072713;-0.7812205434367363;0.47285407026959503;4.472452496992251
ivc;apc;('E', 'I');('nl', 'nl');8;8;0.0018225024085694143;0.0008855926602917947;0.000759650645695364;0.0002965482888888217;1.5361701594009087;0.568985356760002;3.0888571263209967
ivc;apc;('u:', 'y:');('de', 'de');168;168;0.0016829229667917024;0.0014807211340011482;0.0010769090383882856;0.0010826923132149474;0.1868370040642226;0.10934673489262546;83.63505773466876
