corpus;feature type;contrast;languages;n1;n2;mean1;mean2;std1;std2;es;se;w
ivc;apc;('a', 'a~');('fr', 'fr');168;168;0.12243342848288967;0.0987022745094874;0.04059553945822939;0.03407087344650871;0.6318219163210874;0.11179806768194228;80.0076299281648
ivc;apc;('a:', 'a');('jp', 'jp');8;12;0.13556065794902966;0.15517399289302908;0.00627195219351799;0.04220495259524301;-0.6226016758521359;0.46693056711108616;4.586647760570517
ivc;apc;('E', 'I');('nl', 'nl');8;8;0.10375165839814968;0.07048362152130339;0.010245231922823771;0.0139783098347679;2.566630081283301;0.6751756709865478;2.1936454244127654
ivc;apc;('u:', 'y:');('de', 'de');168;168;0.14229710463519127;0.07558905233169008;0.04116623369715279;0.025298287078959848;1.9480683862093249;0.1324841097690284;56.97343656514344
