"","contrast","language","d","n1","n2","g","se_d","se_g","w_d","w_g","t","p_value","corpus"
"1","('a', 'a:')","('de', 'de')",0.00872359153493017,25704,25704,0.00872346425940844,0.00882093540368054,0.00882093540368044,12851.9999904874,12851.9999904876,0.988964450926453,0.322685190790907,"natural"
"2","('E', 'I')","('de', 'de')",0.0294522274619176,25866,25866,0.02945180045095,0.00879326907932211,0.00879326907932104,12932.9998915708,12932.9998915739,3.34940592852307,0.000810428847756739,"natural"
"3","('i', 'I')","('de', 'de')",0.150180046338518,25866,25866,0.150177868964091,0.00879327000088037,0.00879327000085258,12932.9971807448,12932.9971808266,17.0789777514285,3.21650781741328e-65,"natural"
"4","('a:', 'a')","('jp', 'jp')",-0.257078444555121,8,12,-0.246215975066876,0.456812377871186,0.456781210769867,4.79208236258455,4.79273633174269,-0.525897765817638,0.612491644525355,"synthetic"
"5","('a', 'a~')","('fr', 'fr')",0.0467329783545378,168,168,0.0466279604256512,0.109109122417555,0.109109121621599,83.999727004479,83.9997282300426,0.428314821520805,0.668699466548028,"synthetic"
"6","('E', 'I')","('nl', 'nl')",1.58988451851,8,8,1.5031635447731,0.519372614180725,0.517351281788536,3.70716492760845,3.73618989185817,3.17976903702001,0.00674819716732994,"synthetic"
"7","('u:', 'y:')","('de', 'de')",0.0784426887282903,168,168,0.078266413023283,0.109109444651977,0.109109442409408,83.9992308501159,83.9992343030538,0.718939117626499,0.472681183434149,"synthetic"
