"","contrast","language","d","n1","n2","g","se_d","se_g","w_d","w_g","t","p_value","corpus"
"1","('a', 'a:')","('de', 'de')",0.0503844415713515,25704,25704,0.0503837064720449,0.00882093550931328,0.00882093550931011,12851.999682676,12851.9996826853,5.7119159458956,1.12326022080501e-08,"natural"
"2","('E', 'I')","('de', 'de')",0.221301985844984,25866,25866,0.221298777314315,0.00879327112360288,0.00879327112354254,12932.9938781818,12932.9938783593,25.167202865778,6.31876882697685e-139,"natural"
"3","('i', 'I')","('de', 'de')",0.434935530322566,25866,25866,0.434929224441565,0.00879327708106586,0.00879327708083276,12932.9763539288,12932.9763546144,49.4623249012787,0,"natural"
"4","('a:', 'a')","('jp', 'jp')",-0.976391071962174,8,12,-0.93513511117504,0.461842660828877,0.461397772603308,4.68826235479242,4.69730773127456,-2.21371780442258,0.0400954529883345,"synthetic"
"5","('a', 'a~')","('fr', 'fr')",0.540411815864778,168,168,0.539197407289801,0.109132651407463,0.109132544993563,83.9635102417678,83.9636739855706,4.95295610529777,1.1736237352595e-06,"synthetic"
"6","('E', 'I')","('nl', 'nl')",2.82894512693478,8,8,2.67463902910197,0.559037471709243,0.553071635391805,3.19976557467813,3.26916791578443,5.65789025386956,0.000679725946371974,"synthetic"
"7","('u:', 'y:')","('de', 'de')",1.86303417764392,168,168,1.85884758398629,0.109390357388552,0.109389095653141,83.5683673497547,83.5702951795047,17.0749902826861,3.37145161999972e-44,"synthetic"
