"","contrast","language","d","n1","n2","g","se_d","se_g","w_d","w_g","t","p_value","corpus"
"1","('a', 'a:')","('de', 'de')",0.0801598446707096,25704,25704,0.0801586751540018,0.00882093567605315,0.00882093567604511,12851.9991968,12851.9991968234,9.08745399801123,1.04884362101435e-19,"natural"
"2","('E', 'I')","('de', 'de')",0.167730761686969,25866,25866,0.167728329854778,0.00879327023798016,0.00879327023794549,12932.9964832999,12932.9964834019,19.0749038698837,7.74878766725342e-81,"natural"
"3","('i', 'I')","('de', 'de')",0.36940088388198,25866,25866,0.369395528150261,0.00879327484111005,0.0087932748409419,12932.9829428959,12932.9829433905,42.009505463578,0,"natural"
"4","('a:', 'a')","('jp', 'jp')",-1.49058412432974,8,12,-1.42760169654116,0.468940744700356,0.467918966697934,4.54740947595889,4.5672911924,-3.34241283676247,0.00378238133873213,"synthetic"
"5","('a', 'a~')","('fr', 'fr')",0.681963365525161,168,168,0.680430863580161,0.109146694344522,0.10914652490488,83.9419059514171,83.942166575336,6.25029748741178,1.76814298334458e-09,"synthetic"
"6","('E', 'I')","('nl', 'nl')",0.836837435140953,8,8,0.791191756860537,0.505441459988609,0.504866817185205,3.91433754927083,3.92325327094824,1.6736748702819,0.122655829389661,"synthetic"
"7","('u:', 'y:')","('de', 'de')",0.426040380676934,168,168,0.425082986563054,0.109123679546409,0.109123613403112,83.9773173259526,83.9774191286366,3.90472458711971,0.000114399878239769,"synthetic"
