"","contrast","language","d","n1","n2","g","se_d","se_g","w_d","w_g","t","p_value","corpus"
"1","('a', 'a:')","('de', 'de')",0.084020286560341,25704,25704,0.0840190607205289,0.00882093570324142,0.00882093570323258,12851.999117574,12851.9991175997,9.52509940798094,1.7176180836741e-21,"natural"
"2","('E', 'I')","('de', 'de')",0.200213632227322,25866,25866,0.200210729444606,0.00879327074586777,0.00879327074581838,12932.9949893146,12932.9949894599,22.768964677474,3.40178521066065e-114,"natural"
"3","('i', 'I')","('de', 'de')",0.324774530357016,25866,25866,0.324769821637222,0.00879327352469913,0.00879327352456915,12932.9868152015,12932.9868155838,36.9344471082073,9.20954957729295e-295,"natural"
"4","('a:', 'a')","('jp', 'jp')",-1.42084586981255,8,12,-1.36081012883455,0.467811855576061,0.466881298522545,4.56938290376936,4.58761584211668,-3.23991536374882,0.00454768531018049,"synthetic"
"5","('a', 'a~')","('fr', 'fr')",0.923172726092195,168,168,0.921098180640303,0.109178110596923,0.109177800188028,83.8936039489648,83.8940809938931,8.46101779367244,8.79914066549976e-16,"synthetic"
"6","('E', 'I')","('nl', 'nl')",2.25323193290653,8,8,2.13032837292981,0.538204873162495,0.534280320388074,3.45226995393711,3.50317348057966,4.50646386581306,0.00236019385542054,"synthetic"
"7","('u:', 'y:')","('de', 'de')",1.49255175383889,168,168,1.48919770495386,0.10928964605584,0.10928883549695,83.7224562280631,83.7236981158104,13.6794627812116,1.18691561160413e-33,"synthetic"
