"","contrast","language","d","n1","n2","g","se_d","se_g","w_d","w_g","t","p_value","corpus"
"1","('A', '{')","('en', 'en')",1.07945027310715,18227,18225,1.07942806204384,0.0104754523599326,0.0104754523564877,9112.85432328347,9112.85432927716,103.046588523239,0,"natural"
"2","('A', 'E')","('en', 'en')",0.96032405635668,18363,18360,0.960304442295359,0.0104367107515646,0.010436710748888,9180.63466239208,9180.63466710087,92.0149346287927,0,"natural"
"3","('A', 'i')","('en', 'en')",5.32223971419843,18768,18771,5.32213337361792,0.0103245363964628,0.0103245363186621,9381.21049603755,9381.21063742194,515.59217358091,0,"natural"
"4","('e', 'E')","('en', 'en')",0.965825705634579,18768,18771,0.965806408032117,0.0103226533985129,0.0103226533959503,9384.6333391001,9384.63334375947,93.5643143885967,0,"natural"
"5","('i', 'I')","('en', 'en')",0.777831889670086,19182,19182,0.777816682493217,0.0102110350459856,0.0102110350444114,9590.92437279027,9590.92437574735,76.1759168268094,0,"natural"
"6","('A', '{')","('en', 'en')",0.794523209860509,24,24,0.781498239207058,0.289622699858702,0.2895919355705,11.9216070967815,11.924140173104,2.75230913454222,0.00853757592390778,"synthetic"
"7","('A', 'E')","('en', 'en')",1.87790274930137,24,24,1.84711745832921,0.293929494120179,0.293760110501041,11.5748045308173,11.5881565650326,6.5052459469265,8.08343989753364e-08,"synthetic"
"8","('A', 'i')","('en', 'en')",6.52040354842182,24,24,6.41351168697228,0.346755375311656,0.345020546085727,8.31674902140864,8.40059569750725,22.587340463438,5.41387051436603e-26,"synthetic"
"9","('i', 'I')","('en', 'en')",0.718919527963178,24,24,0.707133961930995,0.289451176809963,0.289425974092284,11.9357403007345,11.9378190788482,2.49041029797132,0.0166701432864302,"synthetic"
