"","contrast","language","d","n1","n2","g","se_d","se_g","w_d","w_g","t","p_value","corpus"
"1","('A', '{')","('en', 'en')",0.824279372151543,18227,18225,0.824262411554307,0.0104754174602373,0.0104754174582285,9112.915043798,9112.91504729297,78.6871884377128,0,"natural"
"2","('A', 'E')","('en', 'en')",0.750779450667184,18363,18360,0.75076411643278,0.0104366852766142,0.0104366852749782,9180.67948054876,9180.67948342685,71.9366861613398,0,"natural"
"3","('A', 'i')","('en', 'en')",3.02811716499648,18768,18771,3.02805666194617,0.01032321961595,0.0103232195907619,9383.60389334404,9383.60393913498,293.350915263006,0,"natural"
"4","('e', 'E')","('en', 'en')",0.762159140661802,18768,18771,0.762143912402683,0.0103226292047491,0.0103226292031534,9384.67732980513,9384.67733270665,73.8344590788981,0,"natural"
"5","('i', 'I')","('en', 'en')",0.821323914121798,19182,19182,0.821307856644347,0.0102110396738728,0.0102110396721178,9590.91567911984,9590.91568241685,80.4352495711488,0,"natural"
"6","('A', '{')","('en', 'en')",0.562965901706119,24,24,0.553736952497822,0.289151252300621,0.289135782171176,11.9605140316053,11.9617939537852,1.95017108936765,0.057512444854358,"synthetic"
"7","('A', 'E')","('en', 'en')",1.10404739200906,24,24,1.08594825443514,0.290502020939557,0.290442794752611,11.8495452569442,11.8543783941408,3.82453235384722,0.000416072362322622,"synthetic"
"8","('A', 'i')","('en', 'en')",4.07154599137935,24,24,4.00479933578297,0.312607601974789,0.311858254560309,10.2329518374909,10.2821873375628,14.1042490448449,3.77252545748333e-18,"synthetic"
"9","('i', 'I')","('en', 'en')",0.756597360660285,24,24,0.744194125239625,0.289534527611055,0.289506621877889,11.928869200936,11.9311689748216,2.62093013907226,0.0120747023995201,"synthetic"
