"","contrast","language","d","n1","n2","g","se_d","se_g","w_d","w_g","t","p_value","corpus"
"1","('a', 'a:')","('de', 'de')",0.0476418491538355,25704,25704,0.0476411540684245,0.00882093549778067,0.00882093549777783,12851.9997162818,12851.9997162901,5.40099739893667,6.6564728001273e-08,"natural"
"2","('E', 'I')","('de', 'de')",0.251431013393416,25866,25866,0.251427368039243,0.00879327172884901,0.00879327172877111,12932.9920978105,12932.9920980397,28.5935767664223,2.00615824460009e-178,"natural"
"3","('i', 'I')","('de', 'de')",0.44839182751808,25866,25866,0.448385326541937,0.00879327758616653,0.00879327758591879,12932.974868145,12932.9748688737,50.9926200771156,0,"natural"
"4","('a:', 'a')","('jp', 'jp')",-0.999399817881016,8,12,-0.957171656562099,0.462098925172665,0.461633070265937,4.68306389501212,4.69252044925281,-2.27396901705981,0.0354717498694874,"synthetic"
"5","('a', 'a~')","('fr', 'fr')",0.607971939041171,168,168,0.606605709964674,0.109138948378306,0.109138813702136,83.9538216653046,83.9540288617318,5.57215486213049,5.38344307467406e-08,"synthetic"
"6","('E', 'I')","('nl', 'nl')",2.97479634864519,8,8,2.81253472962818,0.564921270205476,0.558390205785266,3.133459935155,3.20718798134553,5.94959269729039,0.000222033883195905,"synthetic"
"7","('u:', 'y:')","('de', 'de')",1.65835528625485,168,168,1.65462864516214,0.109331979898404,0.109330979637908,83.6576333445658,83.6591641057251,15.199077256786,9.55436224581386e-39,"synthetic"
