"","contrast","language","d","n1","n2","g","se_d","se_g","w_d","w_g","t","p_value","corpus"
"1","('a', 'a:')","('de', 'de')",0.0834961573304146,25704,25704,0.0834949391375471,0.00882093569947508,0.00882093569946635,12851.999128549,12851.9991285744,9.46568062685012,3.03519730120134e-21,"natural"
"2","('E', 'I')","('de', 'de')",0.219426791223278,25866,25866,0.219423609879981,0.00879327108848335,0.00879327108842402,12932.9939814882,12932.9939816627,24.9539494542595,1.24992103562451e-136,"natural"
"3","('i', 'I')","('de', 'de')",0.349356848276981,25866,25866,0.349351783152247,0.00879327422890272,0.00879327422875233,12932.9847437421,12932.9847441844,39.7300306166001,0,"natural"
"4","('a:', 'a')","('jp', 'jp')",-1.15443929284871,8,12,-1.10566016779876,0.463976977702429,0.463357787911247,4.64522908659375,4.65765231677776,-2.57074886691305,0.0199882244003504,"synthetic"
"5","('a', 'a~')","('fr', 'fr')",0.967944532139025,168,168,0.965769375887027,0.109184979624832,0.109184638398995,83.8830484791225,83.8835727856282,8.8713581740914,4.4780856666615e-17,"synthetic"
"6","('E', 'I')","('nl', 'nl')",1.82090288064581,8,8,1.72158090533786,0.525265463396428,0.522642331194515,3.62445161862396,3.66092503058542,3.64180576129162,0.00712956409925451,"synthetic"
"7","('u:', 'y:')","('de', 'de')",1.41209801376884,168,168,1.40892475980531,0.109270704306948,0.10926997865132,83.7514848172656,83.7525971985237,12.942092073585,5.62270215702149e-31,"synthetic"
