"","contrast","language","d","n1","n2","g","se_d","se_g","w_d","w_g","t","p_value","corpus"
"1","('a', 'a:')","('de', 'de')",0.0860085680940189,25704,25704,0.0860073132455618,0.0088209357177433,0.00882093571773404,12851.9990753158,12851.9990753428,9.75050424810527,1.91980367981201e-22,"natural"
"2","('E', 'I')","('de', 'de')",0.284829997569328,25866,25866,0.284825867982423,0.00879327248994674,0.00879327248984678,12932.989858992,12932.9898592861,32.3918210842789,6.8935697567085e-228,"natural"
"3","('i', 'I')","('de', 'de')",0.31007850996448,25866,25866,0.310074014313864,0.00879327312823505,0.00879327312811658,12932.9879814259,12932.9879817744,35.2631664591596,3.46892426687159e-269,"natural"
"4","('a:', 'a')","('jp', 'jp')",-1.37921858018218,8,12,-1.32094173876604,0.46716255586653,0.46628455567442,4.58209351497342,4.59936565752025,-3.31156925791882,0.00525783810863934,"synthetic"
"5","('a', 'a~')","('fr', 'fr')",0.905934954379321,168,168,0.903899145493075,0.109175552533211,0.109175253601207,83.8975353730456,83.897994812193,8.3030310062992,5.49534405113933e-15,"synthetic"
"6","('E', 'I')","('nl', 'nl')",1.16407970869673,8,8,1.10058445185872,0.510476811179076,0.509375277113983,3.83749623691625,3.85411150526061,2.32815941739345,0.0477403004936294,"synthetic"
"7","('u:', 'y:')","('de', 'de')",1.67501687806109,168,168,1.67125279518905,0.109336479412231,0.109335458993317,83.6507479768519,83.6523093953444,15.3517832680872,1.81890661667613e-39,"synthetic"
