corpus;feature type;contrast;languages;n1;n2;mean1;mean2;std1;std2;es;se;w
ivc;apc;('a', 'a~');('fr', 'fr');168;168;0.11125448352132555;0.08923066931711157;0.03857863414597948;0.030712172949959916;0.6302154069614764;0.11178457345207579;80.0269475581594
ivc;apc;('a:', 'a');('jp', 'jp');8;12;0.13006184383365532;0.14663978900383248;0.004684301899037731;0.03959759689245437;-0.5631313005456416;0.4650389821022416;4.6240367955852415
ivc;apc;('E', 'I');('nl', 'nl');8;8;0.10274887588781573;0.0662701901914666;0.011414309000766782;0.014794599007721487;2.610228225010551;0.6803788325870772;2.1602221386704668
ivc;apc;('u:', 'y:');('de', 'de');168;168;0.13355392093432947;0.07126818741441171;0.042086182403307075;0.02573291071818078;1.7816285400606393;0.1289506657161136;60.138532036225534
