corpus;feature type;contrast;languages;n1;n2;mean1;mean2;std1;std2;es;se;w
ivc;apc;('a', 'a~');('fr', 'fr');168;168;0.1251820127759314;0.10208479515418148;0.024720113900737833;0.025035257706653238;0.926326174126734;0.11481144078802354;75.86293940430632
ivc;apc;('a:', 'a');('jp', 'jp');8;12;0.12146964475275235;0.1394662553621654;0.007323426363961279;0.015560700665521829;-1.417361738867994;0.5084842090011311;3.86763123672396
ivc;apc;('E', 'I');('nl', 'nl');8;8;0.09264575460806568;0.06829059085518599;0.012097671102178546;0.0016376404014971137;2.667484003284854;0.6872833956004928;2.11703626008292
ivc;apc;('u:', 'y:');('de', 'de');168;168;0.13766977817579024;0.09438229710927011;0.0345550912740217;0.022713219617509686;1.4770977670038927;0.12309148875168816;66.00000238886612
