corpus;feature type;contrast;languages;n1;n2;mean1;mean2;std1;std2;es;se;w
ivc;apc;('a', 'a~');('fr', 'fr');168;168;0.07738314582982346;0.054201056956834026;0.016815221542102538;0.012174346953821746;1.5756828851044726;0.12489743741420657;64.10515348791081
ivc;apc;('a:', 'a');('jp', 'jp');8;12;0.05907752802502522;0.06919790938751504;0.008548758661572581;0.010987051548935702;-0.9846670145978283;0.48225777502727557;4.299733353028014
ivc;apc;('E', 'I');('nl', 'nl');8;8;0.05743970406900131;0.02755430838939035;0.002264836899324978;0.0017553338786666245;13.945208571929253;2.5153829362706457;0.15804900974287264
ivc;apc;('u:', 'y:');('de', 'de');168;168;0.07168180385011193;0.04159982680145976;0.0250207202744218;0.015392593173515419;1.4449302862337263;0.12252200684296109;66.61496385848673
