corpus;feature type;contrast;languages;n1;n2;mean1;mean2;std1;std2;es;se;w
ivc;apc;('a', 'a~');('fr', 'fr');168;168;0.08653836694188957;0.06889750839097764;0.034175817552415666;0.02514450857318759;0.5866692662872881;0.11143130509852878;80.53516742404801
ivc;apc;('a:', 'a');('jp', 'jp');8;12;0.11665325297775472;0.13876727806690642;0.01654479447264098;0.032158878256790265;-0.8282132215358871;0.4748491990532412;4.4349484935412145
ivc;apc;('E', 'I');('nl', 'nl');8;8;0.10222544045510656;0.06293191110265542;0.012201344488430296;0.008861968769702492;3.4839706852652044;0.7932932098180049;1.5890315716655374
ivc;apc;('u:', 'y:');('de', 'de');168;168;0.11414949741487454;0.05565283104495618;0.03600988566198559;0.02079007781373638;1.9850854829255231;0.13329927601414543;56.27874687681338
