corpus;feature type;contrast;languages;n1;n2;mean1;mean2;std1;std2;es;se;w
ivc;apc;('a', 'a~');('fr', 'fr');168;168;0.1469816675341558;0.11274493298473005;0.031752019634430445;0.03039682814250545;1.099028573463531;0.11705630389552064;72.98109683312022
ivc;apc;('a:', 'a');('jp', 'jp');8;12;0.1381155137416215;0.17222870195356396;0.012290866897207127;0.018036460174582016;-2.1169540385030836;0.5660129798526675;3.121384136316761
ivc;apc;('E', 'I');('nl', 'nl');8;8;0.12123859602200965;0.0916655912149088;0.02264489243897064;0.004813315170366839;1.7079897433235818;0.5840919491852973;2.9311467321586195
ivc;apc;('u:', 'y:');('de', 'de');168;168;0.1501869103621051;0.09709885390133402;0.04215349892769816;0.025330359549568797;1.5232028165974365;0.12392482132331449;65.11535268720816
