corpus;feature type;contrast;languages;n1;n2;mean1;mean2;std1;std2;es;se;w
ivc;apc;('a', 'a~');('fr', 'fr');168;168;0.004246170261587805;0.0036747529409776225;0.0021676396943307247;0.001957205016767438;0.27607960390875314;0.1096274803412622;83.20724353128118
ivc;apc;('a:', 'a');('jp', 'jp');8;12;0.0035031553047782486;0.003655967116900936;0.0012264301458856893;0.0009029481086659483;-0.13590340468437173;0.4569409991655963;4.789384959246116
ivc;apc;('E', 'I');('nl', 'nl');8;8;0.0034526815369420216;0.0021057255147085884;0.0009150881670419693;0.00023451491835027152;1.9064844970067936;0.6029791439523232;2.750397206550064
ivc;apc;('u:', 'y:');('de', 'de');168;168;0.0022343220961204596;0.0017728377084485704;0.0011898883205362725;0.0010561292446217157;0.40928707811862763;0.1102453696813742;82.27715834465242
