corpus;feature type;contrast;languages;n1;n2;mean1;mean2;std1;std2;es;se;w
ivc;apc;('a', 'a~');('fr', 'fr');168;168;0.06703557615838851;0.05366327633464335;0.02716152583369576;0.02242440286906859;0.5357075488786435;0.11104872494715656;81.09103569133099
ivc;apc;('a:', 'a');('jp', 'jp');8;12;0.08079055263299205;0.11054022047812732;0.01231360599911814;0.03624995478415786;-1.0525130578983375;0.4858270543717137;4.236786780824304
ivc;apc;('E', 'I');('nl', 'nl');8;8;0.07553947602810038;0.040576795158147945;0.01830045148887738;0.007483579757836823;2.364404162712127;0.6516902793086038;2.3546020288329848
ivc;apc;('u:', 'y:');('de', 'de');168;168;0.08610076722769533;0.038908436656401264;0.02934232852405939;0.016098455713065438;1.9896408058591284;0.13340030239499845;56.19353739681515
