corpus;feature type;contrast;languages;n1;n2;mean1;mean2;std1;std2;es;se;w
ivc;apc;('a', 'a~');('fr', 'fr');168;168;0.021872023742884057;0.01639108067780676;0.008919592832046654;0.006130521090353029;0.7145557895118853;0.11253696467005954;78.96044832019781
ivc;apc;('a:', 'a');('jp', 'jp');8;12;0.021861960783388312;0.02720283190340436;0.0019014625495565969;0.004286449894902376;-1.5426692456299862;0.5175220221098307;3.733725018849317
ivc;apc;('E', 'I');('nl', 'nl');8;8;0.02122318013036325;0.010865763161614986;0.006305658780957777;0.0032147897786152877;1.956611917344175;0.6079764128620978;2.705369183325181
ivc;apc;('u:', 'y:');('de', 'de');168;168;0.014276123827462165;0.006504945130353609;0.0051138721500759215;0.0031435270873876975;1.8267197504152737;0.12988608245119915;59.27543692394875
